"婴儿票:出生十四天,未满二周岁。按全票价的十%购买,无机场建设费和燃油费,一个大人只能带一个婴儿,如一个以上买儿童票(无免额行李)。"
"不能提前那么多时间换,只能提前二个半小时一般换完登机牌就可以直接过安检,但是飞机起飞前半小时是停止换登机牌的建议还是早点过去成都双流国际机场候机楼开放时间从早上四:三十提前至四:零,所有国内出港航班的旅客登机手续的办理,也由以前航班起飞前两个小时开办,提前到两个半小时,此项举措不针对国际(地区)出港航班的旅客。"
"只能去民航投诉航空公司。之前有个航空公司,就是拒绝身体有残疾的乘客乘机,理由是公司规定不能与乘客有肢体接触。乘坐轮椅的残疾人想坐飞机,却被航空公司以“不能行走”为由拒绝。对此,律师表示,航空公司这一行为涉嫌违反我国《残疾人保障法》、《合同法》及《残疾人航空运输办法(试行)》等法律法规,应承担相应的责任。"
"国内航班建议您提前二小时到达机场办理乘机手续,飞机起飞前四十五分钟停止办理乘机手续,提前十五分钟关闭舱门。"
昆明机场“无纸化”操作流程
七、港澳台及外籍旅客如护照丢失要乘坐飞机不能在办证处办理证件
"您可查询相应订单,选择已申请退票的旅客和航段,查看退票申请单状态可知退票处理进展。需要提醒的是,退票申请一旦提交,不可撤销。"
"表示该承运人不允许免费托运行李,如托运行李均须付费。"
可选尺寸
"在手机上下载存储了旅客信息和航班信息的二维条形码,到达昆明机场后,安检工作人员通过扫描手机二维码,打印登机凭证,加盖安检验讫章,旅客凭有效登机凭证可顺利登机。(在没有托运行李的情况下,在安检机器可以扫出旅客个人信息的情况下)"
"不能提前那么多时间换,只能提前二个半小时一般换完登机牌就可以直接过安检,但是飞机起飞前半小时是停止换登机牌的建议还是早点过去成都双流国际机场候机楼开放时间从早上四:三十提前至四:零,所有国内出港航班的旅客登机手续的办理,也由以前航班起飞前两个小时开办,提前到两个半小时,此项举措不针对国际(地区)出港航班的旅客。"
"不是的,在允许打印行程单的机场均可打印,无始发地的限制。"
东航失物招领处:遗失在东航柜台或是东航飞机上的联系东航失物招领。
"请在机场官方网站中的“机场交通”—“机场大巴” 或关注微信公众号“西部机场畅想旅行”的“巴士时刻”中均可查询到机场往返市区的各条线路及具体时刻,             祝您旅途愉快!"
"在国内机场免税店只有乘坐国际航班的乘客才可以买东西,购买的时候需要出示当天国际航班的登机牌,乘坐国内航班是不可以的。如果没有出国打算,但又希望在机场免税店购买物品的话,可以根据需要找有出国行程的朋友帮忙,浦东机场的免税店不但在国际航班候机区有,在下机后的取行李区也有但东西没有那么齐全。而北京首都机场的免税店提供免费寄存服务,可以在出发时先购物,回程时提货。需要列好购物清单,咨询清楚情况,然后找合适的朋友帮忙购买。拓展资料:上海浦东国际机场免税店和首都机场免税店是同一个集团日上在经营,所以购物优势相近,但规模不是很大,产品相对单调一些。国内机场免税店所有商品均以人民币标价,可用人民币、美元、港币、欧元和日元现金付,也可用各种信用卡支付。国内的卡是走银联的,而且没有手续费。首都国际机场有很多品牌专卖店,比如上海滩、菲拉格慕、施华洛世奇等。如果发现机场店价格比市区专卖店贵,可以在购物起十五天内,对差价部分要求机场双倍返还。"
"共享航班是指客源情况比较少的情况下,两家航空公司卖票,但只有一家航班在飞。两个航班号码都指向同一架飞机。"
"您可以选择“从航站楼出发(步行或巴士)”及“驾车前往”二种方式。一般情况下,货运地区仅允许相关人士入内,进入前请在入口处办理相关手续。办理手续时需要出示驾照等身份证件,并填写指定表格。办理完毕后,会发放“一时立入证(人用临时通行证)”及“一时车辆使用承认证(车用临时通行证)”。"
"东西Y指廊分叉口,分别有二个问询台(在航班大面积延误时,才使用)"
"贵重物品:贵重物品均需随身携带,航空公司对托运行李夹带贵重物品的遗失或损坏,按一般托运行李承担赔偿责任。"
"一、由于南航机务维护、航班调配、机组等原因,造成航班在始发地点延误或取消,南航规定向旅客提供餐食或住宿等服务。二、由于非南航原因包括但不限于天气、突发事件、空中交通管制、机场原因以及旅客等原因,造成航班在始发地点延误或取消,南航会协助旅客安排餐食或住宿,费用由旅客自理。三、航班在经停地点延误或取消,无论何种原因,南航负责向经停旅客提供膳宿服务。"
"首先,请先联系搭乘航班的所属航空公司,根据航空公司的要求办理相关手续。根据购买机票的种类,可能存在无法改签或退票退款的情况。各航空公司的相关手续及规则都不尽相同,请向相关航空公司确认详细信息。"
"不能提前那么多时间换,只能提前二个半小时一般换完登机牌就可以直接过安检,但是飞机起飞前半小时是停止换登机牌的建议还是早点过去成都双流国际机场候机楼开放时间从早上四:三十提前至四:零,所有国内出港航班的旅客登机手续的办理,也由以前航班起飞前两个小时开办,提前到两个半小时,此项举措不针对国际(地区)出港航班的旅客。"
"旅客如在行李转盘上找不到行李或欲申报行李损坏,可联络所选乘的航空公司,或前往行李认领大堂中央的行李询问处求助。相关网页:入境程序"
"首先要在户口所在地的派出所开具“户籍证明”(必须有照片),携带“户籍证明”和两张一寸证件照片到机场派出所开具“临时乘机证明”,即可办理登机手续。"
"25.长水机场什么时候开始使用的?经中国民用航空局批准,昆明长水国际机场二千零一十二年六月二十八日八:零正式启用,昆明巫家坝国际机场同时停用。"
昆明机场“无纸化”操作流程
18.公安机关押解犯人要办理什么手续?需提前与机场公安部门联系审批
"婴儿票:出生十四天,未满二周岁。按全票价的十%购买,无机场建设费和燃油费,一个大人只能带一个婴儿,如一个以上买儿童票(无免额行李)。"
"在国际出发和到达隔离区内,只有乘坐国际航线的旅客可以进入。"
"儿童乘机正常购买儿童票时不需要交纳机场建设费,燃油费按全价减半。婴儿乘机所购买的婴儿票不需交纳机场建设费和燃油费。"
"不方便,不要坐。机场大巴的士,更靠谱。"
"乘坐昆明机场始发的所有国内出港航班,持有效国内居民二代身份证的旅客,包括办理手机值机并获取电子登机牌旅客、持纸质登机牌旅客;不适用旅客包括身高低于1.3米的儿童,携带婴儿、乘坐轮椅、担架等其他特殊旅客。"
"可以在行李服务柜台领取行李。请在行李收寄服务页面查阅详情。此外,在确定出发日期及搭乘航班后,可以向各承运商咨询保管日期和费用等详情。"
"旅客如在行李转盘上找不到行李或欲申报行李损坏,可联络所选乘的航空公司,或前往行李认领大堂中央的行李询问处求助。相关网页:入境程序"
"由于没有照片的身份证明无法乘机证件是属于本人的。部队开具的身份证明需要有照片,有信息有部队团级以上的公章,缺一不可。"
旅客携带充电宝乘机的规定
"只要旅客办理过二代身份证,在公安系统里面能查询到信息,并且没有违法犯罪记录,并且户籍地没有被注销或迁移过在公安系统上可以查到个人信息的情况下,都可以办理临时登机证。"
"在为您单独乘机旅行的孩子申请无成人陪伴服务时,须提供您本人的身份证件以及您孩子的有效护照等旅行证件的原件或复印件,同时应准确提供送机人及接领人的姓名、住址、联系电话,以便我们和送机人及接领人保持联络。如您为孩子办理经北京中转的联运航班的无成人陪伴儿童服务时,请您尽可能提供中转地亲友的联系人姓名、证件号码和联系电话号码等信息,以便在必要情况下我们能及时与孩子的亲友取得联系。"
东南亚签证3.5*5.0厘米(越南、老挝、柬埔寨、泰国、缅甸)
"不可以,但可以自备奶粉在飞机上冲调。"
"外籍小孩需要用护照过检,中国大陆地区居民十六周岁以下可以用出生证明过检。"
"朋友你好,你凌晨才下机的话已经没有公交以及机场大巴去火车站了,只能打的去,车程一个小时吧。"
"八月十五日起,昆明长水机场正式推行“无纸化”便捷出行服务。除春秋航空、九元航空和南方航空外,乘坐国内航班的旅客在进行安全检查和登机时,只需出示手机上的二维码电子登机牌,就可以便捷出行(具体操作以现场为准)"
您可以凭借有效身份证件到机场东航自助乘机服务柜台或东航值机柜台打印登机牌。
"可以,但建议您在办理安检手续之前到东航自助乘机服务柜台或东航值机柜台确认登机口是否有变化,或在办理完安检手续后,根据隔离区动态显示屏确定最终登机口。"
"为更好的保障革命伤残军人及因公致残人民警察的合法购票权益,为革命伤残军人及因公致残人民警察提供更优质的服务,根据民航局文件精神,革命伤残军人及因公致残人民警察可在国航境内直属售票处凭民政部颁发的《中华人民共和国革命伤残军人证》和《中华人民共和国人民警察伤残抚恤证》原件,按照同一航班成人普通票价的五十%购买国内航班优惠客票。"
"一、如果旅客搭乘的第一个航班是南航的航班,南航或南航的授权代理人将通知旅客办理值机登记的截止时间。二、对于旅客旅程中的任意一个后续航班的乘机登记截止时间,旅客应自行查询。为了旅客旅行的顺畅,应预留充足的时间办理值机登记手续。三、如果旅客未在规定的乘机登记截止时间之前办理登记手续,南航有权取消旅客的定座。各机场的乘机登记截止时间并不一致,建议旅客自行了解并遵守各机场的乘机登记截止时间。"
"不知道你几点的飞机,走到汽车南站去坐机场大巴吧"
"二、国内旅客如果需要使用港澳通行证,或者台胞证乘坐国内航班,告知旅客带上身份证,因为目前新的规定刚刚出台,各地机场就证件问题还在进行研究,可能暂时无法使用港澳通行证,或者台胞证,如旅客无法提供身份证,可提供公安办证处的电话以供旅客咨询是否可以办理临时登机证乘机。"
"购买从中国出发,经另一个国家转机去第三国的请您事先与相关部门咨询是否需要办理过境签证,以免影响您的行程。"
"可使用的信用卡会员专用休息室视所持信用卡种类而定。有关详细信息,请咨询信用卡发卡行。中部国际机场新特丽亚,在一号航站楼设有三个信用卡会员专用休息室。"
昆明机场“无纸化”操作流程
"一般情况下,国际航班提前三-四小时开始办理值机手续,提前一小时停止办理,具体信息建议您与航空公司再次确认,避免误机。如您还有其他问题需要咨询,您可以致电首都机场服务热线十-96158."
"请按证件上的姓名准确填写。如为英文名请按证件上英文字母的顺序输入。姓名中间用""/""分开;如您的姓名中含繁体字请改成证件上的英文姓名或全部中文拼音输入,如为生僻字请将该生僻字及之后的名改成中文拼音输入。如无繁体字或生僻字,但系统仍提示错误,请联系九万五千三百六十一-三。"
昆明机场国内航班自助托运行李(只限于东航航班)
"为了确保担架旅客在旅途中的安全,您须安排至少一名年满十八周岁的成年旅客或医务人员陪伴同行。每个航班只能收运一名担架旅客。担架设备将被安排在经济舱。请您最迟于航班预计起飞时间前一百八十分钟到达值机柜台办理乘机登记手续。如您需要救护车等设施,请您自行联系医院或救护方,其服务费用由您直接支付给救护方。"
"在国内机场免税店只有乘坐国际航班的乘客才可以买东西,购买的时候需要出示当天国际航班的登机牌,乘坐国内航班是不可以的。如果没有出国打算,但又希望在机场免税店购买物品的话,可以根据需要找有出国行程的朋友帮忙,浦东机场的免税店不但在国际航班候机区有,在下机后的取行李区也有但东西没有那么齐全。而北京首都机场的免税店提供免费寄存服务,可以在出发时先购物,回程时提货。需要列好购物清单,咨询清楚情况,然后找合适的朋友帮忙购买。拓展资料:上海浦东国际机场免税店和首都机场免税店是同一个集团日上在经营,所以购物优势相近,但规模不是很大,产品相对单调一些。国内机场免税店所有商品均以人民币标价,可用人民币、美元、港币、欧元和日元现金付,也可用各种信用卡支付。国内的卡是走银联的,而且没有手续费。首都国际机场有很多品牌专卖店,比如上海滩、菲拉格慕、施华洛世奇等。如果发现机场店价格比市区专卖店贵,可以在购物起十五天内,对差价部分要求机场双倍返还。"
"哪里兑换好视乎你去哪里。如果国外适用自由汇率,要找到汇率公道的兑换点就得花时间。但机场一定是最坑的地方。换完了外币可以存放在银行卡里,条件是必须本行柜台办理,即别说出国,就算在国内,也只能在本行的柜台存。"
"您可以重新办理网上自助值机,或凭有效证件到机场东航自助乘机服务柜台或东航值机柜台重新打印登机牌。"
"提供两种婴儿车的租借服务:一种为软式座椅婴儿车,可供一个月及以上的婴幼儿使用;一种为硬式座椅婴儿车,可供三岁及以下婴幼儿使用。如有需要,请联系第一航站楼三层中央问讯处、交通广场问讯处,FLIGHT OF DREAMS 三层问讯处,或第二航站楼一层到达问讯处。"
"一、旅客提前通过“航旅纵横”APP等官方渠道、云南机场集团微信公众号、昆明长水国际机场微信公众号多个渠道进行手机值机,值机成功后生成电子二维码登机牌。"
"浦东国际机场一号航站楼国内出发和国际出发在同一个楼层,都在三层。T一航站楼主要是用于国内航班起落用的,一楼是到达层,有国内和国际港澳台两个到达出口。二楼是去磁悬浮列车,地铁和长途汽车的必经通道。三层是出发层。上海浦东国际机场T一航站楼流程改造工程于二千零一十二年底竣工,新增建筑面积约6.8万平方米,于二千零一十六年上半年投入使用。旅客安检通道由原来的敞开式变为封闭式,安检通道设置由原来的平行式改为错落型设置,新增了综合受理台,此外,安检宣传标识、一米黄线和极限地标、爱心通道和特殊旅客通道标识更加清晰醒目。"
"您好A区是在A四号门, B区是在B十号门,具体情况可以关注白云机场空港快线的公众号,上面有详细的信息。"
"朋友你好,你凌晨才下机的话已经没有公交以及机场大巴去火车站了,只能打的去,车程一个小时吧。"
"不能提前那么多时间换,只能提前二个半小时一般换完登机牌就可以直接过安检,但是飞机起飞前半小时是停止换登机牌的建议还是早点过去成都双流国际机场候机楼开放时间从早上四:三十提前至四:零,所有国内出港航班的旅客登机手续的办理,也由以前航班起飞前两个小时开办,提前到两个半小时,此项举措不针对国际(地区)出港航班的旅客。"
"押解犯人或犯罪嫌疑人运输,必须事先跟航空公司咨询办理定座和购票手续。各地公安机关在执行押解犯罪嫌疑人任务过程中,应当严格遵守民航发[二千零一十二]二十六号:关于印发《押解犯罪嫌疑人乘坐民航班机程序规定》的通知。"
退票或改签是要联系订票点或者对应航空公司。
"您好A区是在A四号门, B区是在B十号门,具体情况可以关注白云机场空港快线的公众号,上面有详细的信息。"
"十六周岁以下的中国大陆地区居民可以使用有效身份证、出生医学证明、户口簿、学生证或户口所在地公安机关出具的身份证明乘机。(注意必须使用原件,如无原件建议改乘其他交通工具)"
"临时身份证可以换驾照,临时居民身份证具有证明公民身份的法律效力。"
"朋友你好,你凌晨才下机的话已经没有公交以及机场大巴去火车站了,只能打的去,车程一个小时吧。"
"因为您办理网上乘机登记的时间比较早,登机口信息还没有分配。请您到达机场后,查看动态显示屏或询问东航工作人员以确定登机口。"
"虽然机场是同一座,但是航站楼有好几座,所以t一t二的意思就是所到达或者上飞机的航站楼!按照机票上的标识是那座航站楼,比方说t一就要到t一航站楼安检上飞机,错误的航站楼是上不了飞机的!就像火车站有高铁站和普通火车站一样!希望对您有用!"
"国际航班经停昆明落地国内机场或是国内机场经停昆明转国际航班,要不要下机,从哪里出关具体以航空公司为准,看航空公司跟机场是否有协议。"
"不能提前那么多时间换,只能提前二个半小时一般换完登机牌就可以直接过安检,但是飞机起飞前半小时是停止换登机牌的建议还是早点过去成都双流国际机场候机楼开放时间从早上四:三十提前至四:零,所有国内出港航班的旅客登机手续的办理,也由以前航班起飞前两个小时开办,提前到两个半小时,此项举措不针对国际(地区)出港航班的旅客。"
"如果时间紧并且在泰国居留十五天以内,你可以选择落地签,就是到泰国后在机场办理落地签,但中国公民的落地签只有十五天的居留期。希望对你有帮助。"
"外籍小孩需要用护照过检,中国大陆地区居民十六周岁以下可以用出生证明过检。"
"有效期内可以使用,白云机场也有派出所能够办理临时身份证,很抱歉,无法给您确定是否全部机场通用,建议您咨询具体机场确认一下的!"
这代表您购买的是留学生票。
"首先要在户口所在地的派出所开具“户籍证明”(必须有照片),携带“户籍证明”和两张一寸证件照片到机场派出所开具“临时乘机证明”,即可办理登机手续。"
"如果您选择乘坐国航航班,可登录国航网站、拨打全球销售热线九万五千五百八十三、向国航当地营业部、国航授权的代理人或网站预订座位。已订妥座位的旅客,应按国航规定的出票时限办理购票手续。如未在购票时限内购票,所订座位将被取消。在网上购买电子客票的旅客,如在规定时间内不支付票款,所订座位将会被取消。"
"户口本只适合十六周岁以下居民使用,如果是成年人遗失了二代身份证可以到机场派出所办理临时乘机证明,办理时间五百三十至二千四百联系电话86128927。"
"只能去民航投诉航空公司。之前有个航空公司,就是拒绝身体有残疾的乘客乘机,理由是公司规定不能与乘客有肢体接触。乘坐轮椅的残疾人想坐飞机,却被航空公司以“不能行走”为由拒绝。对此,律师表示,航空公司这一行为涉嫌违反我国《残疾人保障法》、《合同法》及《残疾人航空运输办法(试行)》等法律法规,应承担相应的责任。"
"无人机可以随身携带或者办理托运吗?无人机可以随身携带,如需托运必须需把锂电池拆下来,经安检检查没问题方可托运。"
七、港澳台及外籍旅客如护照丢失要乘坐飞机不能在办证处办理证件
"四十、血液样本:如要携带特殊物品乘机,需提前跟航司、安检咨询,航司同意才可以携带或托运 (血样、动物标本、等)"
"婴儿票:出生十四天,未满二周岁。按全票价的十%购买,无机场建设费和燃油费,一个大人只能带一个婴儿,如一个以上买儿童票(无免额行李)。"
"落过户口的儿童或婴儿(由其他人携带出行),要出示儿童户口本的复印件(整本)和父母户口本的复印件(整本),还有携带出行人的身份证原件。"
"国内航班中转建议旅客间隔在二小时以上。(有行李的)(一)有行李托运:国内转国内:航班到达--行李提取--办理值机手续值机---安全检查---候机(二)无行李托运中转(在本站无托运行李需求的旅客或已在始发站将行李托运至目的地)(三)国内转国内:航班到达---中转手续办理---候机注:春秋航班,九元航空除外"
"在国际出发和到达隔离区内,只有乘坐国际航线的旅客可以进入。"
"提醒旅客尽量携带:二代身份证正反两面的复印件,或驾照原件,或户籍证明,或过期的二代身份证等证件去办理(如果公安系统出现故障无法进行网络查询的时候就需要这些证件才能办理临时登机证"
"旅客可将数对隐形眼镜放在手提行李内,但必须全部放入容量一公升的塑胶袋内,而且塑胶袋必须密封。其余的隐形眼镜应放在寄舱行李内。"
"如果没有办理过二代身份证的话,异地派出所是办理不了临时乘机证明的。"
"朋友你好,你凌晨才下机的话已经没有公交以及机场大巴去火车站了,只能打的去,车程一个小时吧。"
"由于没有照片的身份证明无法乘机证件是属于本人的。部队开具的身份证明需要有照片,有信息有部队团级以上的公章,缺一不可。"
七、港澳台及外籍旅客如护照丢失要乘坐飞机不能在办证处办理证件
"您可查询相应订单,选择已申请退票的旅客和航段,查看退票申请单状态可知退票处理进展。需要提醒的是,退票申请一旦提交,不可撤销。"
"国际航班是在航班起飞前三-四H开始办理值机手续,在您从首都机场出发进入出发大厅时会对您的体温进行检测,建议您合理安排时间。"
"否,您必须参照各机场网上值机开通时间。详情请见《网上值机手续已开通的城市和办理时间》。"
四、昆明机场出港的国内航班必须要出示有效证件的原件才能过安检。复印件不能够作为乘机凭证。
"E十 柜台,柜台资源不变。仍做为特殊旅客及军人依法优先办理柜台。"
"需在购票时向航空公司申请,提供相关动物检疫证明,详情请咨询检验检疫二十 36066918。"
"留学生可以凭学生签证和学生证购买学生票,并且有具体年龄要求,留学生票一般情况下会比普通客票有价格优惠或行李优惠。但是有些航空公司是没有学生票的,具体限制建议您拨打航空公司客服咨询确认,以与航空公司客服核实为准。"
"请使用立体停车场。从到达大厅可以通过无障碍通道轻松抵达立体停车场。同时根据道路交通法相关规定,第一航站楼的“一般车辆停靠处” 只允许下车,因此无法在这里等候接机。而且严禁进行机场运营条例明令禁止的行为(如挂横幅、悬旗、携带宠物等)。此外,在到达大厅有许多等待接机的客人,请不要有妨碍他人的举动。"
"一般的航空意外险保障的内容包括航空意外身故、残疾和烧烫伤,航班延误,航班取消等保障,有的还包含意外医疗和行李遗失的保障。每家保险公司的航空意外险保障内容都略有不同。下面给您一款比较不错的航空意外险供您参考一下:航空交通工具意外保障计划,保障项目丰富,涵盖十二种类的交通工具乘坐或者驾驶意外保障,保障全面。"
"首先,请先联系搭乘航班的所属航空公司,根据航空公司的要求办理相关手续。根据购买机票的种类,可能存在无法改签或退票退款的情况。各航空公司的相关手续及规则都不尽相同,请向相关航空公司确认详细信息。"
"国际航班经停昆明落地国内机场或是国内机场经停昆明转国际航班,要不要下机,从哪里出关具体以航空公司为准,看航空公司跟机场是否有协议。"
"根据《《机场管理局附例》,除为警察或香港海关服务的犬只,或陪同视力有障碍人士的引路犬或辅助犬,或将乘搭飞机或由飞机卸下的动物外,任何动物不得进入机场客运大楼。"
退票或改签是要联系订票点或者对应航空公司。
"一般情况下,国际航班提前三-四小时开始办理值机手续,提前一小时停止办理,具体信息建议您与航空公司再次确认,避免误机。如您还有其他问题需要咨询,您可以致电首都机场服务热线十-96158."
"深圳机场二十四小时开放,但不允许在候机室或者过道中睡觉,而且机场二十四小时空调开放,容易着凉,建议在就近找个宾馆或酒店过夜。从深圳机场,步行八百米穿过宝安大道,马路对面有很多宾馆:A处:机场大酒店(二百零八元起)。B处:锦江之星酒店(宝安机场店),一百六十九元起。C处:深圳双溪威机场大酒店(二百一十八元起)。D处:深圳鑫瀛宾馆(一百三十八元起)。E处:维也纳酒店(深圳机场店),二百一十九元起。F处:佳园宾馆(九十元起)。I处:深圳翔安酒店(二百三十八元起)。H处:荣霖旅馆(八十八元起)。J处:新大地旅馆(五十八元起)。"
"每位旅客的免费托运行李额:持成人或儿童票的头等舱旅客为四十公斤;公务舱旅客为三十公斤;经济舱为二十公斤;持婴儿票的旅客,无免费行李额。(比如春秋、联合航空,西部、祥鹏、天津等属于差异化服务,民航总局标准他们不会严格执行)如旅客要行李合并计算(具体以航空公司为准)"
"无人机可以随身携带或者办理托运吗?无人机可以随身携带,如需托运必须需把锂电池拆下来,经安检检查没问题方可托运。"
"只能去民航投诉航空公司。之前有个航空公司,就是拒绝身体有残疾的乘客乘机,理由是公司规定不能与乘客有肢体接触。乘坐轮椅的残疾人想坐飞机,却被航空公司以“不能行走”为由拒绝。对此,律师表示,航空公司这一行为涉嫌违反我国《残疾人保障法》、《合同法》及《残疾人航空运输办法(试行)》等法律法规,应承担相应的责任。"
"(注:龙腾卡和空港易行,在携程网上提前购买,不收现金,只接受二维码)"
"川航专车送机服务:如果您乘坐中午十二时前由成都出发的航班,需要在航班出发前一日的二十二时前进行电话预约,其余航班则至少需在航班起飞时刻四小时前进行预约;预约时请提供您的姓名、乘机日期、航班号和票价舱位,确定二环路内的上车地点并留下您的联系电话。"
"必须在航班原定起飞时间前四十五分钟到达安检口办理安检手续。如果旅客未在航班原定起飞前四十五分钟办理安检手续,或未在航班起飞前十五分钟登机,航班将按原定时间起飞,误机责任则由其本人承担。"
"首先,请先联系搭乘航班的所属航空公司,根据航空公司的要求办理相关手续。根据购买机票的种类,可能存在无法改签或退票退款的情况。各航空公司的相关手续及规则都不尽相同,请向相关航空公司确认详细信息。"
"购买国际机票,婴儿购票信息是和成人一样的,所以如果婴儿没有姓名是不能购买机票的。"
"首先,飞机的计划油量是根据机场平均滑行时间与空中飞行时间综合制定的,如在地面等待时间过长,耗油过多,导致油量不足以飞抵目的地,飞机是必须滑回停机坪加油;其次,如果等待期间,长时间无法获得空管的确切起飞指令或发生突发事件,为了旅客着想及防止飞行员精神状态不佳影响飞行安全,飞机同样会滑回。"
"温馨提示:打印《临时身份证明》后,请到二号、三号窗口交费、加盖印章,依据文件在昆明机场办理临时身份证收费主体为云南省公安厅民用机场公安局,属于云南省地方批准的行政事业性收费项目,项目名称为“《临时乘机证明》手续费”,收费依据为《云南省财政厅 云南省发展和改革委员会关于印发云南省地方批准的行政事业性收费项目目录的通知》(云财非税〔二千零一十七〕十七号)。《临时身份证》不盖印章无效,后果自负。关于机场公安不能使用微信收费,是因为发改委没有给到机场公安相关收费的微信二维码,他们也不敢擅自使用微信二维码收费。"
"14.订票名字错了是不是找航空公司盖章(同音不同字),就可以直接盖章走?一、 旅客乘机名字错误是否可以更改需咨询各航空公司。到机场航空公司柜台询问能否盖章,若机场没有此航空公司柜台可到机场问询台让其工作人员帮助联系航空公司代办。二、购买正常儿童票,登机牌上儿童的姓名后面会有儿童专用的CHD标志,如果儿童要购买成人的低折扣票,需要咨询航空公司是否承运,同时咨询安检是否能通过."
"乐器体积超过随身携带行李标准时,旅客如果一定要带进飞机客舱中,需要买占座行李票,如大提琴等,票价按正常票价计算。"
"可以北京首都国际机场,下飞机后是可以去免税店的,但是只能在下飞机的航站楼购物。免税店一般不在外面,都是在里面候机大厅或者刚到达的那个区域,没有办理机票值机的话,无法进入那个区域的。假如你在T二下飞机,就只能在T二的免税店买东西了。记得,下了飞机一定要找到免税店,不要先出关,如果出来了,就无法再进去了,也就买不了东西了。"
"泰移民官以随机方式抽查,现金不足额者将被拒入境。该规定适用包括落地签在内多种签证入境人士。请给位旅客务必遵守泰国移民局新规定,以确保顺利入境。"
"经济舱被分为不同子舱位,所对应的客票签、改、退规定是不一样的,如果您通过国航官网或者九万五千五百八十三热线咨询,我们会优先向您报出最优惠价格。"
昆明机场“无纸化”操作流程
可选尺寸
"T二国际、国内出发都在三楼其中二十~二十五号门进去是国际出发二十六~二十九号门进去是国内出发一、值机分T一航站楼、T二航站楼,不分入口。二个航站楼都有国内、国际出发,按航空公司区分。比如:MU东航在T一航站楼,CA国航在T二航站楼。二、安检国内、国际有不同的安检口。三、候机、登机按登机牌上的登机口号码,前往该登机口附近坐等、登机。"
"乘机证件必须在有效期内,不能有涂改或破损,如购票后发现身份证过期了建议可以先去机场警务室办理临时乘机证明再过安检乘坐您的航班。(仅限用身份证购买的国内航班办理使用)"
"联程航班不需要重新安检,同个航司且已办妥两段登机牌的,行李在第一站直挂的,就不需要。如果没有联程,是中转航班,有些就需要。这个要看你具体行程和机场。"
三、国际自助值机免费(只限于亚州航空)
"可能当时还没有确定登机口的位置,您需要在航班当天到机场进行确认。"
"只能去民航投诉航空公司。之前有个航空公司,就是拒绝身体有残疾的乘客乘机,理由是公司规定不能与乘客有肢体接触。乘坐轮椅的残疾人想坐飞机,却被航空公司以“不能行走”为由拒绝。对此,律师表示,航空公司这一行为涉嫌违反我国《残疾人保障法》、《合同法》及《残疾人航空运输办法(试行)》等法律法规,应承担相应的责任。"
"(一)因航班机型和航班的限制,无成人陪伴儿童旅客预订数量有限,为了避免这种情况的出现,在起飞前至少四十八小时并在订票时申请“无成人陪伴儿童旅客”服务。(二)为了儿童安全,不能接受儿童的行程中涉及夜间停站或中转/中途停留,除非已安排人员在中转站接机并照看的孩子。必须先提供完备的联系人详细信息,才能接的孩子登上首航班。(三)提供申请人的有效证件及无成人陪伴儿童的旅行证件,并填写无人陪伴儿童服务申请表。(四)请注意,如果在订票时未申请此项服务,则可能会导致出现取消订票或重新出票的费用。(五)在地区和国际航线上,无人陪伴儿童购票并无儿童折扣,需按成人销售价格收取费用。(六)如果是通过旅行代理机构订票,请记得携带孩子的护照。此外,请检查是否已完成所有业务和其他手续,这一点十分重要。儿童出行时的注意事项:(一)请于航班起飞前至少六十分钟带着小孩到机场办理登机手续,并在航班起飞后再离开机场。(二)您子需持有有效证件、无成人陪伴儿童的旅行证件和其他手续,包括机票,无人陪伴儿童服务申请表。协助办理无人陪伴儿童的值机和安检手续:(一)在起飞和到达期间,请询问机场工作人员,会有指定的地面服务人员协助办理值机、海关、安检以及行李托运等手续,地面人员会负责陪伴儿童候机并保管相关文件凭证。(二)登机之后,地面人员会将相关资料及“无人陪伴儿童”亲自交给机上指定的空中乘务员,空乘人员会陪伴孩子度过空中旅程。请注意:为保证孩子顺利乘机,建议家长等飞机起飞后再离开机场。"
"出国旅游在机场租的wi-fi叫做随身WiFi,使用方法为:告知密码用手机搜到这个机器的信号之后,输入密码,就可以使用了。旅行时,随身携带它,您随时可以访问Internet,并且几个人可以共享一台随身WiFi。可以在上海浦东机场和北京机场租用随身WiFi,并且国内网上有很多办理境外wifi租赁业务的, 您可以选择在线租借,然后在离开时直接在机场柜台领取设备。"
"25.长水机场什么时候开始使用的?经中国民用航空局批准,昆明长水国际机场二千零一十二年六月二十八日八:零正式启用,昆明巫家坝国际机场同时停用。"
"您可查询相应订单,选择已申请退票的旅客和航段,查看退票申请单状态可知退票处理进展。需要提醒的是,退票申请一旦提交,不可撤销。"
"在国际出发和到达隔离区内,只有乘坐国际航线的旅客可以进入。"
"(一)未注册用户1.用手机号查询。进入页面右上角的“我的订单”—“机票订单”,在页面左侧【用手机号查询】中选择【机票】,输入您订单中的联系人手机号,经过手机验证码的身份验证,即可查看该手机号所关联的订单。2.用订单号查询。进入页面右上角的“我的订单”—“机票订单”,在页面左侧【用订单号查询】中选择【机票】,输入订单号和该订单中所填写的联系人手机号,经过手机验证码的身份验证,即可查看该手机号所关联的订单。(二)注册用户1.登录后,进入页面右上角的“我的订单”—“机票订单”,即可查询到您的订单。找到订单后点击“查看”,可查看订单的详细信息。2.如果您需要关联您未登录状态时所下的订单,可以在“我的订单”—“机票订单”—“精确查询”中,用订单号和手机号查询到订单,点击“添加到我的订单”,通过手机号验证后即可关联到您的去哪儿账户。"
退票或改签是要联系订票点或者对应航空公司。
"需要帮助的旅客请提前联系相关航空公司。可提供的具体服务内容也视各航空公司而定,请在相关航空公司官网查询,或致电询问具体信息。同时,从到达机场至办票柜台这一移动区间内,机场问讯处员工及志愿者也可以为您提供必要帮助。需要帮助时,请随时联系问讯处员工。"
"登陆国航官方网站,进入办理乘机手续一栏,按要求填写凭证号码(电子客票号、身份证号或者护照号),手机号,乘客姓名即可办理。"
"机场鼓励商店及餐厅接受多种货币,务求更方便旅客。如欲知道商店及餐厅接受哪些货币,请预先向商店∕餐厅查询。相关网页:外币兑换、银行服务、自动柜员机"
"如有工作人员捡拾到您的物品,会统一上交至失物招领,您可以拨打首都机场客服热线十-九万六千一百五十八转接至失物招领确认信息。"
"如果超过一个月不到三个月,按照每个月五天费用封顶。"
"高铁南站吧,应该不是指的汽车南站,那就直接坐磁悬浮吧"
"电瓶车可以将出港旅客从安检口送到登机口,也可以将进港旅客从登机口接出来,但是不能将旅客送到行李大厅,在行李大厅前方有个斜坡,电瓶车不可以下那个斜坡"
"东西Y指廊分叉口,分别有二个问询台(在航班大面积延误时,才使用)"
"提醒旅客尽量携带:二代身份证正反两面的复印件,或驾照原件,或户籍证明,或过期的二代身份证等证件去办理(如果公安系统出现故障无法进行网络查询的时候就需要这些证件才能办理临时登机证"
"现行规定依然適用。旅客如患有糖尿病,可以携带足够的胰岛素製剂及带针头的皮下注射器在飞机上使用,但须出示医疗证明。糖尿病旅客如须携带个人的规定食物(例如无糖果汁)在飞机上食用,即使容器的容量多于一百毫升,亦可携带,但须出示医疗证明。豁免的药物及食物应与其他手提行李分开,以便接受 X 光检查。"
"有效证件包括:         居民身份证、临时身份证、有效护照、军官证、警官证、士兵证、文职干部或离退休干部证明、十六岁以下未成年人的户口簿、二岁以下婴儿的出生证明,为确保您顺利乘机,建议您在航班起飞前1.5小时内到达航站楼。祝您旅途愉快!"
现役军人可凭军官证、士兵证、军队学员证作为登机证件;武警可凭警官证作为登机证件。具体规定以航司为准。
"首先要在户口所在地的派出所开具“户籍证明”(必须有照片),携带“户籍证明”和两张一寸证件照片到机场派出所开具“临时乘机证明”,即可办理登机手续。"
"电子客票是实名制的,购票名字不允许变更,请您在预定前一定要将乘机人的姓名确认好。"
"外籍小孩需要用护照过检,中国大陆地区居民十六周岁以下可以用出生证明过检。"
"如果超过一个月不到三个月,按照每个月五天费用封顶。"
"提醒旅客尽量携带:二代身份证正反两面的复印件,或驾照原件,或户籍证明,或过期的二代身份证等证件去办理(如果公安系统出现故障无法进行网络查询的时候就需要这些证件才能办理临时登机证"
"针对同一个航班,航空公司、机场、空管因渠道不同,掌握的信息可能存在差异。但作为航班的承运人,当航班延误时,公司会将延误信息第一时间通知到旅客。"
"因为在您搭乘的联程运输航班中,国航是整个行李运输段的主要承运人,因此在您交运行李至提取行李的这个行李运输段中,不管每个航段的实际承运人是谁,都将按照国航的免费行李政策执行。"
"首先,请先联系搭乘航班的所属航空公司,根据航空公司的要求办理相关手续。根据购买机票的种类,可能存在无法改签或退票退款的情况。各航空公司的相关手续及规则都不尽相同,请向相关航空公司确认详细信息。"
退票或改签是要联系订票点或者对应航空公司。
"首先,请先联系搭乘航班的所属航空公司,根据航空公司的要求办理相关手续。根据购买机票的种类,可能存在无法改签或退票退款的情况。各航空公司的相关手续及规则都不尽相同,请向相关航空公司确认详细信息。"
"航站楼一F层东航头等舱休息室( V二)旁,"
"国际航班的流程是持有效乘机证件、机票在相应航空公司柜台办理乘机手续及托运行李;通过检验检疫检查;海关检查(如果您有物品申报,请走红色(申报)通道,办理海关手续;如果没有,请走绿色(无申报)通道);然后持有效乘机证件、机票、登机牌进行安检;再通过边检检查;最后按显示屏指示,到相应的登机口登机。"
"是不可以的,香港居民需使用“香港、澳门地区居民的港澳居民来往内地通行证”(回乡证)过检。"
"川航专车送机服务:如果您乘坐中午十二时前由成都出发的航班,需要在航班出发前一日的二十二时前进行电话预约,其余航班则至少需在航班起飞时刻四小时前进行预约;预约时请提供您的姓名、乘机日期、航班号和票价舱位,确定二环路内的上车地点并留下您的联系电话。"
"一、去降落机场的“失物招领”柜台。 (失物招领一般和机场的行礼寄存在一起,因为两者都需要储物空间)。 这里要说明,招领台的服务人员会让你提供你丢失物品的时间、航班号、以及你回忆的可能丢失物品的位置,方便工作人员查找。 二、如果你觉得丢失在始发站,你需要拨打电话。 如果降落机场未找到,而且你觉得可能是在始发机场丢失的,就需要打电话到始发机场的失物招领处的电话。 这里推荐在网站上搜索“**机场 失物招领”,方便你找到对应电话号。 三、如果东西丢了好长时间,你不确定是否丢失在机场怎么办。 这里提供一个小建议——寻找对方机场的微博,扫一扫最近丢失物品的信息,说不定有意外收获。 四、其他建议 丢东西这件事很麻烦,对一些丢失物品的补充措施我这里写一下: 储蓄卡——必须到柜台挂失 信用卡——可以电话联系客服直接挂失 身份证——1.立即到派出所挂失;2.在网上发表一份证明(表明自己身份证丢失的时间证据);3.联系报社,登报声明(这是相对来说最有法律效益的行为了)"
"婴儿票:出生十四天,未满二周岁。按全票价的十%购买,无机场建设费和燃油费,一个大人只能带一个婴儿,如一个以上买儿童票(无免额行李)。"
(一)有行李托运:国内转国内:航班到达--行李提取--办理值机手续
"根据《《机场管理局附例》,除为警察或香港海关服务的犬只,或陪同视力有障碍人士的引路犬或辅助犬,或将乘搭飞机或由飞机卸下的动物外,任何动物不得进入机场客运大楼。"
需要出具由出入境管理处开具带照片并盖章的证明及护照复印件(只能乘坐国内航班)
"旅行之日未满两周岁的婴儿乘机,不单独占用座位。如需单独占位时,应购买儿童票价客票。旅行之日已满两周岁的旅客乘坐国航航班时必须单独占一个座位。"
"电瓶车可以将出港旅客从安检口送到登机口,也可以将进港旅客从登机口接出来,但是不能将旅客送到行李大厅,在行李大厅前方有个斜坡,电瓶车不可以下那个斜坡"
"如果办过第二代身份证的婴儿或儿童,乘机当天直接报姓名,证件号就可以办理。"
"婴儿票:出生十四天,未满二周岁。按全票价的十%购买,无机场建设费和燃油费,一个大人只能带一个婴儿,如一个以上买儿童票(无免额行李)。"
"如果超过一个月不到三个月,按照每个月五天费用封顶。"
"乘机证件必须在有效期内,不能有涂改或破损,如购票后发现身份证过期了建议可以先去机场警务室办理临时乘机证明再过安检乘坐您的航班。(仅限用身份证购买的国内航班办理使用)"
"国际航班经停昆明落地国内机场或是国内机场经停昆明转国际航班,要不要下机,从哪里出关具体以航空公司为准,看航空公司跟机场是否有协议。"
"需咨询各航空公司,经航空公司同意承运后可购票乘机。咨询航空公司是否需提供县级以上医院开具的适宜乘机证明(证明是航空公司需要,机场安检只需老人乘机当天身体状态良好、没有做过重大的手术,证件有效安检即可放行)"
国航目前还没有推出针对老年人的特殊服务。
"外籍旅客护照丢失,必须补办护照以后才可以乘机。"
"乘机证件必须在有效期内,不能有涂改或破损,如购票后发现身份证过期了建议可以先去机场警务室办理临时乘机证明再过安检乘坐您的航班。(仅限用身份证购买的国内航班办理使用)"
"旅客过安检时,东西被安检暂时保管回来取的时候是在F三层行李寄存处旁边,有个安检与门摆东西的地方,咨询电话:八百七十一-六千七百零九万二千五百三十八(六:零-二十二:零)"
"乐器体积超过随身携带行李标准时,旅客如果一定要带进飞机客舱中,需要买占座行李票,如大提琴等,票价按正常票价计算。"
"乘机证件必须在有效期内,不能有涂改或破损,如购票后发现身份证过期了建议可以先去机场警务室办理临时乘机证明再过安检乘坐您的航班。(仅限用身份证购买的国内航班办理使用)"
"婴儿票:出生十四天,未满二周岁。按全票价的十%购买,无机场建设费和燃油费,一个大人只能带一个婴儿,如一个以上买儿童票(无免额行李)。"
"表示该承运人不允许免费托运行李,如托运行李均须付费。"
"落过户口的儿童或婴儿(由父母携带出行),要出示儿童户口本的复印件(整本),还有父母的身份证原件就可以办理。"
"国际航班是在航班起飞前三-四H开始办理值机手续,在您从首都机场出发进入出发大厅时会对您的体温进行检测,建议您合理安排时间。"
"首先要在户口所在地的派出所开具“户籍证明”(必须有照片),携带“户籍证明”和两张一寸证件照片到机场派出所开具“临时乘机证明”,即可办理登机手续。"
"按照有关规定,醉酒旅客不得乘坐民航客机,这主要是为旅客自身的安全考虑。首先酒后乘机对乘机者健康不利,酒后高空飞行易突发心脑血管疾病;其次醉酒乘客行为失常,不易控制自己的行为,对客舱其他旅客的安全构成隐患。所以,旅客如果准备坐飞机出行,应慎饮酒。如果旅客已经喝了很多酒,请联系机场医务处,医生将检查该旅客是否适合登机,或者采取解酒措施。(建议旅客具体咨询航空公司以航空公司为准)"
"落过户口的儿童或婴儿(由其他人携带出行),要出示儿童户口本的复印件(整本)和父母户口本的复印件(整本),还有携带出行人的身份证原件。"
"虽然机场是同一座,但是航站楼有好几座,所以t一t二的意思就是所到达或者上飞机的航站楼!按照机票上的标识是那座航站楼,比方说t一就要到t一航站楼安检上飞机,错误的航站楼是上不了飞机的!就像火车站有高铁站和普通火车站一样!希望对您有用!"
"朋友你好,你凌晨才下机的话已经没有公交以及机场大巴去火车站了,只能打的去,车程一个小时吧。"
"如果有效期的二代身份证可以乘机,取保候审人员无法办理临时登机证。刑满释放人员要办理临时登机证需向办证处咨询。(该信息仅供参考,建议旅客咨询各航空公司)"
"16.旅客在航站楼内登机牌丢失怎么办?为保障航空安全,丢失登机牌,旅客不允许登上飞机,应尽快联系航空公司或机场地服工作人员。"
"由于旅客原因发生漏乘,按自愿退票的规定办理。由于南航原因造成旅客漏乘,南航会早安排旅客乘坐后续航班成行,如旅客要求退票,按非自愿退票的有关规定办理。"
"乘机证件必须在有效期内,不能有涂改或破损,如购票后发现身份证过期了建议可以先去机场警务室办理临时乘机证明再过安检乘坐您的航班。(仅限用身份证购买的国内航班办理使用)"
"在起飞及抵达目的地机场,我们将有专人协助您的孩子办理乘机登记、海关、安检和提取行李等手续,并在候机期间专人负责照管您的孩子及其文件袋。我们会亲手将孩子交给乘务长,让您的孩子安全顺利地完成空中之旅。为了确保您的孩子顺利登机,我们建议送机人向机场工作人员确认飞机起飞后再离开机场。"
"为了确保孕妇旅行过程中的舒适与安全,孕妇旅客在客舱座椅中坐稳后全程需要将安全带系在大腿根部位置。"
"25.长水机场什么时候开始使用的?经中国民用航空局批准,昆明长水国际机场二千零一十二年六月二十八日八:零正式启用,昆明巫家坝国际机场同时停用。"
"退票是既取消占座又取消机票,而退座仅仅是取消占座但机票在有效期内仍然可以使用。退座后的机票若要乘机须重新预订航班,其预订方式为办理改期或升舱。"
"一、昆明机场出港的国内航班在航班起飞前五小时开始办理,航班起飞前四十五分钟停止办理(建议旅客提前二-三小时到机场办理)。"
"转机时间视各航班情况而定,请向相关航空公司确认详细信息。同时,可以参考转机流程说明。"
昆明机场国内航班自助托运行李(只限于东航航班)
"可以北京首都国际机场,下飞机后是可以去免税店的,但是只能在下飞机的航站楼购物。免税店一般不在外面,都是在里面候机大厅或者刚到达的那个区域,没有办理机票值机的话,无法进入那个区域的。假如你在T二下飞机,就只能在T二的免税店买东西了。记得,下了飞机一定要找到免税店,不要先出关,如果出来了,就无法再进去了,也就买不了东西了。"
"四、部队人员用身份证购票,身份证丢失怎么办理临时登记证"
"乘坐昆明机场始发的所有国内出港航班,持有效国内居民二代身份证的旅客,包括办理手机值机并获取电子登机牌旅客、持纸质登机牌旅客;不适用旅客包括身高低于1.3米的儿童,携带婴儿、乘坐轮椅、担架等其他特殊旅客。"
"临时登机证不要求当天办理,只要旅客订票成功,临时登机证有效期为七天。"
"安检不允许携带的东西能拿回吗?需区分物品类型,属于违禁物品的,不能取回;属于限制物品的,现场处置方法有:暂存、旅客自行处理(送行人员带回或自弃),暂存物品可取回。"
"如果中途需要出关,需要重新办理签证。(由于旅客已经订好酒店,具体申请流程已告知旅客联系航空公司申请是否能不办理签证离开机场)"
"首先,请先联系搭乘航班的所属航空公司,根据航空公司的要求办理相关手续。根据购买机票的种类,可能存在无法改签或退票退款的情况。各航空公司的相关手续及规则都不尽相同,请向相关航空公司确认详细信息。"
"机场免税店和市内免税店都是免税的,机场的免税店一般要凭登机牌购买,市内的免税店要凭护照或者出境凭证购买,而且有的市内免税店要求在出境口岸提取免税品,比如机场。"
昆明机场国内航班自助托运行李(只限于东航航班)
退票或改签是要联系订票点或者对应航空公司。
"首先,飞机的计划油量是根据机场平均滑行时间与空中飞行时间综合制定的,如在地面等待时间过长,耗油过多,导致油量不足以飞抵目的地,飞机是必须滑回停机坪加油;其次,如果等待期间,长时间无法获得空管的确切起飞指令或发生突发事件,为了旅客着想及防止飞行员精神状态不佳影响飞行安全,飞机同样会滑回。"
"临时身份证:必须是由户籍所在地的公安机关办理的卡片样的临时身份证,除了有效期稍短,其他信息和身份证是一样的)"
"首先,请先联系搭乘航班的所属航空公司,根据航空公司的要求办理相关手续。根据购买机票的种类,可能存在无法改签或退票退款的情况。各航空公司的相关手续及规则都不尽相同,请向相关航空公司确认详细信息。"
"注:外省机场办理的电子临时登记证在昆明机场使用,前提要在昆明机场安检口的仪器上可以扫描出个人信息,且在有效期内的才能够使用,如不能扫描出信息,就不可以使用。"
"到达目的地再看大屏幕。一、飞机到港以后下飞机,飞机场有指示,上面写着到达大厅,行李提取。二、按指示走,到了到达大厅,就会有行李提取处,一般就是一个转盘,上面有电子显示牌上面写着哪个航班在这里取行李,你找到你那个航班取行李的转盘,等着,一会转盘就会动了,行李就出来了,你看到自己的行李拿下来就可以。三、出机场的时候有工作人员会查对你行李票上的票号和行李上的票号是否一样,这个主要是怕乘客拿错行李,你行李票一般是在办理登机牌的时候贴在登机牌上的。"
可选尺寸
备注:订票用的证件跟乘机用的证件必须一致
您可以凭有效证件到机场东航自助乘机服务柜台或东航值机柜台办理补打登机牌手续。
"如果旅客曾经做过手术,体内有金属钢板或支架,可以直接过检,不需要任何证明,但是,如果旅客是近期做的手术,体外有石膏包裹或者外部固定支架,需要旅客提供病例才能过检。"
"可以北京首都国际机场,下飞机后是可以去免税店的,但是只能在下飞机的航站楼购物。免税店一般不在外面,都是在里面候机大厅或者刚到达的那个区域,没有办理机票值机的话,无法进入那个区域的。假如你在T二下飞机,就只能在T二的免税店买东西了。记得,下了飞机一定要找到免税店,不要先出关,如果出来了,就无法再进去了,也就买不了东西了。"
"到达目的地再看大屏幕。一、飞机到港以后下飞机,飞机场有指示,上面写着到达大厅,行李提取。二、按指示走,到了到达大厅,就会有行李提取处,一般就是一个转盘,上面有电子显示牌上面写着哪个航班在这里取行李,你找到你那个航班取行李的转盘,等着,一会转盘就会动了,行李就出来了,你看到自己的行李拿下来就可以。三、出机场的时候有工作人员会查对你行李票上的票号和行李上的票号是否一样,这个主要是怕乘客拿错行李,你行李票一般是在办理登机牌的时候贴在登机牌上的。"
四、无成人陪伴儿童乘机
"国内航班中转建议旅客间隔在二小时以上。(有行李的)(一)有行李托运:国内转国内:航班到达--行李提取--办理值机手续值机---安全检查---候机(二)无行李托运中转(在本站无托运行李需求的旅客或已在始发站将行李托运至目的地)(三)国内转国内:航班到达---中转手续办理---候机注:春秋航班,九元航空除外"
"未经使用且在客票有效期内的客票才可办理退票。若您已办理值机(如网上值机和机场值机)但未乘机也不可办理退票,若需办理请先取消值机后在原出票点申请退票。客票有效期自首段旅行开始之日起,一年内有效 ;如果客票全部未使用,则自填开客票之日起一年内有效。 特种票价客票的有效期,按照承运人规定的有效期计算。超出客票有效期的客票深航不再受理退票申请,机票款、机场建设费、燃油附加费及保险均不再退还,请在客票有效期内提交退票。"
"国际航班的流程是持有效乘机证件、机票在相应航空公司柜台办理乘机手续及托运行李;通过检验检疫检查;海关检查(如果您有物品申报,请走红色(申报)通道,办理海关手续;如果没有,请走绿色(无申报)通道);然后持有效乘机证件、机票、登机牌进行安检;再通过边检检查;最后按显示屏指示,到相应的登机口登机。"
"婴儿票:出生十四天,未满二周岁。按全票价的十%购买,无机场建设费和燃油费,一个大人只能带一个婴儿,如一个以上买儿童票(无免额行李)。"
"昆明机场“无纸化”便捷出行服务仅支持昆明始发国内航班无托运行李的普通旅客,有托运行李、携带婴儿、儿童、中转联程、无人陪伴及其他特殊旅客,请提前到昆明机场相应柜台办理纸质登机牌和行李托运手续。"
"国内航线不能提前预定紧急出口的座位,国际航线可以通过国航直销渠道(国航官网、中国国航APP、九万五千五百八十三电话销售服务中心、知音会员服务中心、各营业部售票处及值机柜台)购买。"
"一、中国大陆地区居民的居民身份证、临时居民身份证、护照、军官证、文职干部证、义务兵证、士官证、文职人员证、职工证、武警警官证、武警士兵证、海员证、香港、澳门地区的港澳居民来往内地通行证、台湾地区居民的台湾居民来往大陆通行证; 港澳台居民可以使用港澳台居民居住证,外籍旅客的护照、外交部签发的驻华外交人员证、外国人永久居留证;民航局规定的其他有效乘机身份证件。"
"根据《《机场管理局附例》,除为警察或香港海关服务的犬只,或陪同视力有障碍人士的引路犬或辅助犬,或将乘搭飞机或由飞机卸下的动物外,任何动物不得进入机场客运大楼。"
"一、中国大陆地区居民的居民身份证、临时居民身份证、护照、军官证、文职干部证、义务兵证、士官证、文职人员证、职工证、武警警官证、武警士兵证、海员证、香港、澳门地区的港澳居民来往内地通行证、台湾地区居民的台湾居民来往大陆通行证; 港澳台居民可以使用港澳台居民居住证,外籍旅客的护照、外交部签发的驻华外交人员证、外国人永久居留证;民航局规定的其他有效乘机身份证件。"
"可能当时还没有确定登机口的位置,您需要在航班当天到机场进行确认。"
"婴儿票:出生十四天,未满二周岁。按全票价的十%购买,无机场建设费和燃油费,一个大人只能带一个婴儿,如一个以上买儿童票(无免额行李)。"
七、港澳台及外籍旅客如护照丢失要乘坐飞机不能在办证处办理证件
"国内航班登机口在飞机计划起飞前十五分钟关闭。东航、上航、联航,登机口在航班计划起飞前十五-二十分钟关闭,具体以现场为准。"
外国护照(台湾签证)3.5*4.5 (二寸)
"不会,行程单是作为报销凭证用的。但是您要妥善保管,如遇到退票等事宜还需要收回已经打印的行程单。"
"确保酒已经装进免税店封口的袋子内。直接拎着上飞机。到国内转机,也是直接拎着过安检,向安检小哥展示一下,免税店封好的袋子。再次直接拎上飞机。"
"泰国移民局规定要求,中国旅客旅游入境时需要要有足够得旅费及回程机票/酒店订单!否则入境后旅客会被遣返,航空公司要被罚款!航司工作人员现场已经积极和旅客在进行沟通了,所有的要求泰国移民局官网都有。"
你好机场停车场开放时间为:车场名称P一、P十二、P二、P三、PBUS入口五:三十--当日夜航结束后三十分钟出口五:三十--当日夜航结束后六十分钟您有其他问题请咨询服务电话二十九-88796274、二十九-88796327。祝您旅途愉快!
退票或改签是要联系订票点或者对应航空公司。
"20.小型氧气瓶:根据民航有关定:供医用的小型氧气瓶不允许随身携带上飞机,也不允许作为交运行李托运。(如需要提供氧气跟航空公司咨询或跟机场急救中心咨询)"
"调配原因延误是指在航班运行过程中,南航根据需要对航班做出调整而造成的时间延误;计划原因延误是指航班在计划编排时因航段计划时间编排不足或航班过站时间不足,造成后续航班的延误。"
"联程航班不需要重新安检,同个航司且已办妥两段登机牌的,行李在第一站直挂的,就不需要。如果没有联程,是中转航班,有些就需要。这个要看你具体行程和机场。"
"退票是既取消占座又取消机票,而退座仅仅是取消占座但机票在有效期内仍然可以使用。退座后的机票若要乘机须重新预订航班,其预订方式为办理改期或升舱。"
"临时登机证不要求当天办理,只要旅客订票成功,临时登机证有效期为七天。"
"不是的,在允许打印行程单的机场均可打印,无始发地的限制。"
十、押解犯人或犯罪嫌疑人
"乘坐国航实际承运的国内航班,糖尿病旅客可以随身携带足够的胰岛素制剂、带针头的皮下注射器以及液态食物(例如无糖果汁)等,但必须出示医疗证明、医生处方和药品说明书,并有安检人员检查确认安全后方可携带。"
"25.长水机场什么时候开始使用的?经中国民用航空局批准,昆明长水国际机场二千零一十二年六月二十八日八:零正式启用,昆明巫家坝国际机场同时停用。"
"一、旅客提前通过“航旅纵横”APP等官方渠道、云南机场集团微信公众号、昆明长水国际机场微信公众号多个渠道进行手机值机,值机成功后生成电子二维码登机牌。"
"首先,即使民航气象部门随时发布比较准确的气象变化趋势,但天气情况是不断变化的,当该状况不符合航班起降标准时,飞机将无法降落,为安全考虑或油量不足以继续盘旋等待天气好转,飞机将不得不备降其他机场。其次,当天气处于标准边缘时,机长将决定飞机能否降落,而每个机长对天气等因素的判断决定是不同的。"
"根据《《机场管理局附例》,除为警察或香港海关服务的犬只,或陪同视力有障碍人士的引路犬或辅助犬,或将乘搭飞机或由飞机卸下的动物外,任何动物不得进入机场客运大楼。"
"一名成人可以携带三名五岁(不含)以下儿童,或者一名婴儿和两名五岁(不含)以下儿童,或者两名婴儿(但其中一名婴儿需购买儿童客票)。携带五岁(含)以上儿童无数量限制。"
"可以。请输入需办理值机的旅客姓名、证件号码和手机号码,然后按网站的相应提示办理值机即可。"
"一、国内航线:  持成人及儿童客票(托运行李标准):                   持成人及儿童客票( 随身行李标准):                                             经济舱旅客为 二十公斤  四十*六十*一百                         经济舱旅客为  一件五公斤   二十*四十*五十五                                                   公务舱旅客为 三十公斤  四十*六十*一百                         公务舱旅客为  一件五公斤   二十*四十*五十五                                     头等舱旅客为 四十公斤  四十*六十*一百                         头等舱旅客为  二件五公斤   二十*四十*五十五                                 持婴儿票的旅客:  无免费行李额(但可免费托运一辆婴儿车)     温馨提示:以上为一般规定,但目前部分航空公司实行差异化服务,其行李规定不同于以上标准,请务必在购票时确认自身行李额度,以免带来不必要的麻烦。   二、国际航线:国际航班根据其航线不同,实行不同的计量标准,具体行李额度与执飞航空公司确认。     祝您旅途愉快!"
F二层中心区(无行李托运中转柜台)在十六号到达口附近
"首都机场安检部门检查物品的安全性,不属于易燃、易爆、易腐蚀、违禁品、危险品,没有磁性的物品是可以携带或托运的。此消毒洗手液含有酒精成分属于易燃物品,故无法携带或托运。"
"昆明机场“无纸化”便捷出行服务仅支持昆明始发国内航班无托运行李的普通旅客,有托运行李、携带婴儿、儿童、中转联程、无人陪伴及其他特殊旅客,请提前到昆明机场相应柜台办理纸质登机牌和行李托运手续。"
"乘坐国航国际及地区航班的旅客,应在规定的时间到达指定机场,凭有效护照、签证及其它有效旅行证件提前办妥乘机及出境等各项手续。"
"(三)其他枪支,如道具枪、发令枪、钢珠枪、境外枪支以及各类非法制造的枪支;"
"国际航班是在航班起飞前三-四H开始办理值机手续,在您从首都机场出发进入出发大厅时会对您的体温进行检测,建议您合理安排时间。"
可以关注白云边检公众号查询入境外国人指纹自助留存指南。
"一般是在当时支付的界面就可以选择发票的开具,若当时没有选择之后可以关注白云机场的公众号,然后在公众号里的小键盘输入停车发票,就会有自动回复,按指引操作就可以获取发票了。"
六、猫狗等宠物的托运
可以关注白云边检公众号查询入境外国人指纹自助留存指南。
"国际航班经停昆明落地国内机场或是国内机场经停昆明转国际航班,要不要下机,从哪里出关具体以航空公司为准,看航空公司跟机场是否有协议。"
外籍旅客使用由中华人民共和国出入境管理局公安局开具的受理回执或身份证明在有效期内可作为有效乘机证件乘坐国内航班。(回执或证明必须包含三要素照片、资料信息、出入境公安局公章)。
白云机场没有对台湾居民的落地签
"贵重物品:贵重物品均需随身携带,航空公司对托运行李夹带贵重物品的遗失或损坏,按一般托运行李承担赔偿责任。"
可以关注白云边检公众号查询入境外国人指纹自助留存指南。
"国际机票没有国内机票几折的概念,航空公司按机票的有效期长短和退改签条件的严格程度实行不同的销售价格。"
"国际通航航班(东航、祥鹏国际转国内通程)旅客单班超过五人次后,由航司通报海关按照航班到港时间临时开放"
出入境管理人员将会随机抽查入境泰国游客携带的现金如下:
"由于没有照片的身份证明无法乘机证件是属于本人的。部队开具的身份证明需要有照片,有信息有部队团级以上的公章,缺一不可。"
"足月新生儿超过十四天,早产儿出生超过九十天即可乘机,如有顾虑请遵医嘱       二周岁以下儿童乘机需持出生医学证明原件或户口本        二-十六周岁儿童需使用户口本原件或者户籍证明原件乘机。祝您旅途愉快!"
"一般是用什么证件买票就用什么证件进行登机,驾照、社保卡不能作为乘机有效证件。"
"如果是在机场公安局开具在有效期内的临时乘机证明,经现场安全检查确认是可以使用乘机的。(一般有效期为七天)"
"有效期内可以使用,白云机场也有派出所能够办理临时身份证,很抱歉,无法给您确定是否全部机场通用,建议您咨询具体机场确认一下的!"
"四、部队人员用身份证购票,身份证丢失怎么办理临时登记证"
"普通轮椅:普通轮椅只能办理托运,不能随身携带,去机场超规格柜台去办理托运手续,要用纸箱打包好。"
"否,您必须参照各机场网上值机开通时间。详情请见《网上值机手续已开通的城市和办理时间》。"
"随身携带的行李不超过二十x四十x五十五,重量不超过五kg。一般国内航班免费行李额度二十公斤。"
"一般情况下,国际航班提前三-四小时开始办理值机手续,提前一小时停止办理,具体信息建议您与航空公司再次确认,避免误机。如您还有其他问题需要咨询,您可以致电首都机场服务热线十-96158."
"经停航班是不需要变更飞机的,具体可以联系到相应的航空公司进行咨询。"
"如果您的湿巾为消毒专用的酒精湿巾,随药品可以随身,只限飞机上使用的量,且酒精湿巾禁止办理托运;如果为普通的湿巾,无任何易燃易爆等危险性成分,可以随身携带,同时也建议您咨询您所搭乘的航空公司是否有其他要求。"
"目前首都机场服务热线航班查询只能当天查询,无法查询非当天航班,非当天航班查询需要咨询所搭乘的航空公司,因航班信息为实时变更,建议您随时关注。"
出生满十四天的婴儿可凭户口簿、出生证明或其他有效证件原件(如护照、港澳通行证、台胞证等)购票乘机。婴儿票需到航空公司购买。
"对于犹太餐以外的特殊餐食的预订,您最迟须在航班起飞前二十四小时(含)提出申请。距航班起飞时间前二十四小时内,我们不接受任何特殊餐食的申请。"
"外籍小孩需要用护照过检,中国大陆地区居民十六周岁以下可以用出生证明过检。"
八、如何办理电子临时乘机证明
"由于没有照片的身份证明无法乘机证件是属于本人的。部队开具的身份证明需要有照片,有信息有部队团级以上的公章,缺一不可。"
"需要先确认旧护照是否已作废,如果已作废无论是否在有效期均不能作有效证件进行乘机。"
"一、去降落机场的“失物招领”柜台。 (失物招领一般和机场的行礼寄存在一起,因为两者都需要储物空间)。 这里要说明,招领台的服务人员会让你提供你丢失物品的时间、航班号、以及你回忆的可能丢失物品的位置,方便工作人员查找。 二、如果你觉得丢失在始发站,你需要拨打电话。 如果降落机场未找到,而且你觉得可能是在始发机场丢失的,就需要打电话到始发机场的失物招领处的电话。 这里推荐在网站上搜索“**机场 失物招领”,方便你找到对应电话号。 三、如果东西丢了好长时间,你不确定是否丢失在机场怎么办。 这里提供一个小建议——寻找对方机场的微博,扫一扫最近丢失物品的信息,说不定有意外收获。 四、其他建议 丢东西这件事很麻烦,对一些丢失物品的补充措施我这里写一下: 储蓄卡——必须到柜台挂失 信用卡——可以电话联系客服直接挂失 身份证——1.立即到派出所挂失;2.在网上发表一份证明(表明自己身份证丢失的时间证据);3.联系报社,登报声明(这是相对来说最有法律效益的行为了)"
"有涂改或破损的护照正常不可以乘机。 (若飞国内航班,护照的个人页没有破损,其它页破损不大,不影响安检人员对证件的判断。正常过安检问题不大) (若飞国际航班,建议旅客向边检确认,一般破损证件无效,每种证件均有相关的法规;)"
"由于没有照片的身份证明无法乘机证件是属于本人的。部队开具的身份证明需要有照片,有信息有部队团级以上的公章,缺一不可。"
"乘机证件必须在有效期内,不能有涂改或破损,如购票后发现身份证过期了建议可以先去机场警务室办理临时乘机证明再过安检乘坐您的航班。(仅限用身份证购买的国内航班办理使用)"
"提醒旅客尽量携带:二代身份证正反两面的复印件,或驾照原件,或户籍证明,或过期的二代身份证等证件去办理(如果公安系统出现故障无法进行网络查询的时候就需要这些证件才能办理临时登机证"
乘机当天超过十六周岁:身份证原件
"您可以重新办理网上自助值机,或凭有效证件到机场东航自助乘机服务柜台或东航值机柜台重新打印登机牌。"
"您可以重新办理网上自助值机,或凭有效证件到机场东航自助乘机服务柜台或东航值机柜台重新打印登机牌。"
目前所有舱位均可办理网上值机。
"您可以重新办理网上自助值机,或凭有效证件到机场东航自助乘机服务柜台或东航值机柜台重新打印登机牌。"
"D一-D七 柜台,调整为补托行李柜台。为完成网上值机或完成自助值机旅客进行行李补托运手续;"
"您可以重新办理网上自助值机,或凭有效证件到机场东航自助乘机服务柜台或东航值机柜台重新打印登机牌。"
"通过代理人购票的旅客请到原购票处索取报销凭证;在东航电子客票网站上订票的旅客请到机场东航电子客票报销凭证领取处索取(电子客票报销凭证只能打印一次,且航班起飞七天后不可再补打报销凭证)。"
"否,您必须参照各机场网上值机开通时间。详情请见《网上值机手续已开通的城市和办理时间》。"
"可以,您可以在网上乘机登记停止操作之前在网站上取消乘机登记后重新办理。"
"不是的,在允许打印行程单的机场均可打印,无始发地的限制。"
打印登机牌
打印登机牌
打印登机牌
"通过代理人购票的旅客请到原购票处索取报销凭证;在东航电子客票网站上订票的旅客请到机场东航电子客票报销凭证领取处索取(电子客票报销凭证只能打印一次,且航班起飞七天后不可再补打报销凭证)。"
"可以登录航空公司网站,提前选定机上座位,自行打印“网上值机登机牌”。到达机场后凭“网上值机登机牌”和有效证件就可直接前往安检、登机口登机。"
"当系统扫描电子登机牌,状态显示为“未通过”(无安检电子验讫章),登机口工作人员通知安检进行后续处置;"
"不可以。例如您的名字是“柯SHEN”,就无法办理网上值机,您需要到东航值机柜台办理值机手续。"
"您可以重新办理网上自助值机,或凭有效证件到机场东航自助乘机服务柜台或东航值机柜台重新打印登机牌。"
"不可以。例如您的名字是“柯SHEN”,就无法办理网上值机,您需要到东航值机柜台办理值机手续。"
"由于没有照片的身份证明无法乘机证件是属于本人的。部队开具的身份证明需要有照片,有信息有部队团级以上的公章,缺一不可。"
"电子客票是实名制的,购票名字不允许变更,请您在预定前一定要将乘机人的姓名确认好。"
"国内机票的报销凭证为行程单。在购买机票时勾选行程单和保险发票,代理商会在客票全部航段使用后七天以内为您邮寄。"
"儿童乘机正常购买儿童票时不需要交纳机场建设费,燃油费按全价减半。婴儿乘机所购买的婴儿票不需交纳机场建设费和燃油费。"
"退票是既取消占座又取消机票,而退座仅仅是取消占座但机票在有效期内仍然可以使用。退座后的机票若要乘机须重新预订航班,其预订方式为办理改期或升舱。"
"特价机票指不签不改不退客票,在客票有效期内如提交退票申请,则票款不退,可退机场建设费和燃油附加费。"
"如您购票后申请退票,我们将根据客票使用条件办理。自愿退票应在客票有效期内到原购票地点办理。在网上购买的电子客票,应在网上办理退票申请手续。"
"退票是既取消占座又取消机票,而退座仅仅是取消占座但机票在有效期内仍然可以使用。退座后的机票若要乘机须重新预订航班,其预订方式为办理改期或升舱。"
"如果您选择乘坐国航航班,可登录国航网站、拨打全球销售热线九万五千五百八十三、向国航当地营业部、国航授权的代理人或网站预订座位。已订妥座位的旅客,应按国航规定的出票时限办理购票手续。如未在购票时限内购票,所订座位将被取消。在网上购买电子客票的旅客,如在规定时间内不支付票款,所订座位将会被取消。"
"特种票价的客票有效期,按该票价使用条件规定计算。正常票价的客票,无论是单程、来回程或环程,有效期为一年。不定期客票自填开之次日零时起计算。定期客票自旅行实际开始之日起计算,一年内运输有效;如果客票全部未使用,则从填开客票之日起,一年内运输有效。"
"如果您购票后要求变更航班、日期或舱位等级,请尽早通知我们。我们将根据票价使用条件以及航班座位可利用情况尽可能予以办理。根据您所持客票票价使用条件,如有必要,您需支付相应的变更费用。"
"特种票价是不属于普通票价的其他票价。特价票没有固定折扣,它是根据市场调节情况而定。"
婴儿没有名字不能购买机票。
"信用卡(中国境内发行):中国农业银行、兴业银行、中信银行、浦东发展银行、广发银行、平安银行、民生银行、建设银行、交通银行、工商银行、中国银行、招商银行、上海银行、邮政储蓄银行。                    信用卡(中国境外发行):国外发行VISA信用卡、Master信用卡、American Express信用卡、Diner’ Club信用卡、JCB信用卡.                    银联借记卡:招商银行,兴业银行、深圳发展银行、中信银行、中国农业银行、交通银行、建设银行、光大银行、邮政储蓄银行。"
"购买国际机票,婴儿购票信息是和成人一样的,所以如果婴儿没有姓名是不能购买机票的。"
"国航由北京、纽约、洛杉矶、旧金山和温哥华机场始发的国际及地区航班截止办理乘机手续时间为,距客票上列明的离站时间前六十分钟。国航由其它机场始发的国际及地区航班的相关信息请在购票时向国航售票处、当地营业部或国航代理人咨询。"
"国航由北京、纽约、洛杉矶、旧金山和温哥华机场始发的国际及地区航班截止办理乘机手续时间为,距客票上列明的离站时间前六十分钟。国航由其它机场始发的国际及地区航班的相关信息请在购票时向国航售票处、当地营业部或国航代理人咨询。"
"国际及地区航班旅客在办理乘机手续时,应出示护照、签证及其它有效旅行证件。您的护照、签证及旅行证件应随身携带,不要放在交运行李中运输。"
"由于没有照片的身份证明无法乘机证件是属于本人的。部队开具的身份证明需要有照片,有信息有部队团级以上的公章,缺一不可。"
七、港澳台及外籍旅客如护照丢失要乘坐飞机不能在办证处办理证件
"外籍旅客及台湾同胞进入西藏,须持有中国签证和入藏函。没有入藏许可证件的外籍旅客,只允许在拉萨当天中转,不能停留过夜。"
"四、部队人员用身份证购票,身份证丢失怎么办理临时登记证"
"购买从中国出发,经另一个国家转机去第三国的请您事先与相关部门咨询是否需要办理过境签证,以免影响您的行程。"
"国内客票不允许,国际客票要以您当时购买的客票规定为准,请您订票时及时做咨询。"
一、一代身份证已经不能使用
"二、国内旅客如果需要使用港澳通行证,或者台胞证乘坐国内航班,告知旅客带上身份证,因为目前新的规定刚刚出台,各地机场就证件问题还在进行研究,可能暂时无法使用港澳通行证,或者台胞证,如旅客无法提供身份证,可提供公安办证处的电话以供旅客咨询是否可以办理临时登机证乘机。"
"一、中国大陆地区居民的居民身份证、临时居民身份证、护照、军官证、文职干部证、义务兵证、士官证、文职人员证、职工证、武警警官证、武警士兵证、海员证、香港、澳门地区的港澳居民来往内地通行证、台湾地区居民的台湾居民来往大陆通行证; 港澳台居民可以使用港澳台居民居住证,外籍旅客的护照、外交部签发的驻华外交人员证、外国人永久居留证;民航局规定的其他有效乘机身份证件。"
"可以,您可以在网上乘机登记停止操作之前在网站上取消乘机登记后重新办理。"
"国内航班建议您提前二小时到达机场办理乘机手续,飞机起飞前四十五分钟停止办理乘机手续,提前十五分钟关闭舱门。"
"可以,您可以在网上乘机登记停止操作之前在网站上取消乘机登记后重新办理。"
"可以,您可以在网上乘机登记停止操作之前在网站上取消乘机登记后重新办理。"
"仅限成人和有人陪伴儿童办理,不含婴儿旅客。申请过特殊服务、特殊餐食的旅客,请于乘机当日至机场柜台报到。"
"可以,您可以在网上乘机登记停止操作之前在网站上取消乘机登记后重新办理。"
"二号航站楼,航班起飞前四十五分钟停止办理乘机登记手续。"
"在起飞及抵达目的地机场,我们将有专人协助您的孩子办理乘机登记、海关、安检和提取行李等手续,并在候机期间专人负责照管您的孩子及其文件袋。我们会亲手将孩子交给乘务长,让您的孩子安全顺利地完成空中之旅。为了确保您的孩子顺利登机,我们建议送机人向机场工作人员确认飞机起飞后再离开机场。"
"旅客在始发地办理CHECK IN手续,可以正常交运托运行李,但是在国内经停点还需将手提行李携带下飞机办理出境手续。"
"乘坐国航国际及地区航班的旅客,应在规定的时间到达指定机场,凭有效护照、签证及其它有效旅行证件提前办妥乘机及出境等各项手续。"
"国内航班建议您提前二小时到达机场办理乘机手续,飞机起飞前四十五分钟停止办理乘机手续,提前十五分钟关闭舱门。"
"国际通航航班(东航、祥鹏国际转国内通程)旅客单班超过五人次后,由航司通报海关按照航班到港时间临时开放"
"持有国航电子客票时,您可以选择如下任何一种方式办理乘机手续:1.凭有效旅行证件在机场办理乘机手续(您使用的旅行证件必需与您预订机票时使用的旅行证件相同):前往国航指定机场柜台办理乘机手续、选择座位并领取登机牌。国航服务人员将确认您的电子客票上显示的您的姓名和身份证件号码是否与您预订机票时所使用的姓名和身份证件号码相同、同时确认您的航班的航班号和起飞时间、打印登机牌并告知您托运行李的地点。托运行李并领取登机牌后,您凭登机牌通过机场安检,前往登机口。为了避免延误航班,请留出办理乘机手续、安检和前往登机口的充足时间。我们建议您在航班起飞前九十分钟到达机场。2.网上办理乘机手续:当您的航班和时间允许您通过国航网站办理乘机手续时,您便可以选择网上办理乘机手续、选择座位并打印登机牌。抵达机场时,您便可以凭打印在A四纸上的登机牌直接通过机场安检并前往登机口。3.利用机场自助乘机手续设备办理乘机手续:您可以凭有效旅行证件在机场利用自助乘机手续设备办理乘机手续。您使用的旅行证件必需与您预订机票时使用的旅行证件相同。您可以根据自助乘机手续设备屏幕上显示的指示选择座位和打印登机牌。4.手机客户端办理乘机手续:当您的航班和时间允许手机办理乘机手续时,您便可以选择用国航手机客户端办理乘机手续、选择座位并通过手机接收一个独特二维码,此二维码便是您的电子登机牌。到达机场后,您可凭借电子登机牌直接通过安检和登机。如遇航班变更、飞机调配或升舱,请联系机场国航候补柜台。也可以发送手机短信至九万五千五百八十三办理乘机手续:发送“五”或“Check in”(乘机手续)至九万五千五百八十三,国航“小秘书”将指示您提供您的航班日期、航班号和身份证号,如二千零一十一,九,二十二,CA一百二十三,110101190001011234,然后请按照系统短信指令进行操作。系统会自动帮您选择座位和办理乘机手续。如果您有其他旅客与您同行,您也可以发送同行旅客的航班日期、航班号、您的身份证件号码和同行旅客的身份证件号码,然后按照系统指令为同行旅客办理乘机手续和选择与您相邻的座位。"
"可以,您可以在网上乘机登记停止操作之前在网站上取消乘机登记后重新办理。"
"否,您必须参照各机场网上值机开通时间。详情请见《网上值机手续已开通的城市和办理时间》。"
"否,您必须参照各机场网上值机开通时间。详情请见《网上值机手续已开通的城市和办理时间》。"
"可以,您可以在网上乘机登记停止操作之前在网站上取消乘机登记后重新办理。"
"可以,您可以在网上乘机登记停止操作之前在网站上取消乘机登记后重新办理。"
"可以,要在航班起飞前二小时致电九万五千五百八十三网站服务取消,否则只能到机场乘机登记柜台取消。"
"可以,您可以在网上乘机登记停止操作之前在网站上取消乘机登记后重新办理。"
"一、如果旅客搭乘的第一个航班是南航的航班,南航或南航的授权代理人将通知旅客办理值机登记的截止时间。二、对于旅客旅程中的任意一个后续航班的乘机登记截止时间,旅客应自行查询。为了旅客旅行的顺畅,应预留充足的时间办理值机登记手续。三、如果旅客未在规定的乘机登记截止时间之前办理登记手续,南航有权取消旅客的定座。各机场的乘机登记截止时间并不一致,建议旅客自行了解并遵守各机场的乘机登记截止时间。"
"登陆国航手机乘机登记wap网站,WAP.AIRCHINA.COM,选择接受服务条款,提取客户信息,选择座位办理乘机手续,下载二维条码。"
"一、如果旅客搭乘的第一个航班是南航的航班,南航或南航的授权代理人将通知旅客办理值机登记的截止时间。二、对于旅客旅程中的任意一个后续航班的乘机登记截止时间,旅客应自行查询。为了旅客旅行的顺畅,应预留充足的时间办理值机登记手续。三、如果旅客未在规定的乘机登记截止时间之前办理登记手续,南航有权取消旅客的定座。各机场的乘机登记截止时间并不一致,建议旅客自行了解并遵守各机场的乘机登记截止时间。"
"国内机票的报销凭证为行程单。在购买机票时勾选行程单和保险发票,代理商会在客票全部航段使用后七天以内为您邮寄。"
"当您的行李发生丢失时,国航会首先将行李有关情况,输入“世界环球查询(WT)系统”,进行二十四小时自动查找获取信息。这个信息我们随时有人监控并及时处理。无论是否找到,我们都有专人会在第一时间通知您相关信息,我们还会通过其它方式,与始发站(和/或中转站)国航营业部工作人员联系,让他们协助查找您的行李。"
"1.乘坐其它航空公司航班的旅客托运行李发生丢失、破损、晚到等情况时,可到行李提取大厅机场行李查询中心查询。"
"酒精棉片、酒精消毒棉棒等物品,密封于独立小包装内,且醇类液体已被完全吸收,没有游离液体,且包装完好,旅客因医疗需要必须在旅途中自用,经安检检查后可以随身或托运携带。"
"年龄在五周岁至十二周岁的儿童需要单独乘机时,应在购票前向航空公司申请无成人陪伴儿童服务。航空公司对每个航班上无人陪伴儿童数量明确限制,为了保证旅行顺利,请务必提前三-七工作日向航空公司提出申请,具体办理事宜请咨询各航空公司。(建议旅客具体咨询航空公司以航空公司为准)"
"国内航线直达航班,五-十二周岁的无成人陪伴儿童免收服务费;十二-十八周岁的旅客如申请此项服务须交纳二百元服务费。在国际及地区直达航班上,如您为孩子申请无成人陪伴儿童服务,须交纳服务费二百六十元人民币或五十美元,或其他等值货币。如您为孩子办理经北京中转的国内、国际及地区间单程联运航班的无成人陪伴儿童服务,须交纳服务费五百二十元人民币或一百美元,或其他等值货币收取。"
"婴儿和儿童往返程、联程客票票价,应按照每个航段旅行之日旅客的年龄来购买相应票价的客票。"
"旅行之日未满两周岁的婴儿乘机,不单独占用座位。如需单独占位时,应购买儿童票价客票。旅行之日已满两周岁的旅客乘坐国航航班时必须单独占一个座位。"
"对于持有婴儿、儿童往返票价客票的旅客,如因回程改期造成旅客实际旅行之日超过规定年龄时,回程须按照旅行之日旅客的年龄,重新填开一张单程客票,待旅客将新票使用完毕后,原购客票的未使用航段可免费退票。"
"年龄在五周岁至十二周岁的儿童需要单独乘机时,应在购票前向航空公司申请无成人陪伴儿童服务。航空公司对每个航班上无人陪伴儿童数量明确限制,为了保证旅行顺利,请务必提前三-七工作日向航空公司提出申请,具体办理事宜请咨询各航空公司。(建议旅客具体咨询航空公司以航空公司为准)"
四、无成人陪伴儿童乘机
"我们会根据您孩子的乘机信息事先与接领人取得联系。当航班落地后,我们会安排专人迎接您的孩子,并与乘务员办理交接手续,协助您的孩子办理到达手续。接领人在到达站须出示有效身份证件,地面服务人员经核对无误会将孩子交给接领人。"
"如遇航班延误,我们将有专人妥善照料您的孩子,安排膳宿和后续运输,并将运输的变动情况通知孩子的接领人、中转站联系人和相关航站。如遇航班取消时,我们会和您取得联系,将孩子安全地交还给您。"
"在起飞及抵达目的地机场,我们将有专人协助您的孩子办理乘机登记、海关、安检和提取行李等手续,并在候机期间专人负责照管您的孩子及其文件袋。我们会亲手将孩子交给乘务长,让您的孩子安全顺利地完成空中之旅。为了确保您的孩子顺利登机,我们建议送机人向机场工作人员确认飞机起飞后再离开机场。"
"国内航空公司承运担架旅客,一般要求要在航班起飞前七十二小时或四十八小时提出申请,并出具担架旅客适合乘坐飞机的有效医疗诊断证明书,保证至少有一名医护人员或一名成人旅客陪同旅行。同时担架旅客只能安排在经济舱载运,每个航班仅接受承运一名担架旅客,旅客需要为担架占的座位购买一定数量的客票。担架旅客一般需要提前至少二个小时到达机场办理登机手续。(建议旅客具体咨询航空公司以航空公司为准)"
"为确保飞行安全,根据民航局颁布的各机型旅客载运数量安全规定,每类机型每条航线的婴儿旅客载运数量均有不同的载运标准。 为确保您和您的孩子顺利出行,请您在订座或购票的同时,向客票销售人员提出婴儿乘机的需求,我们确认符合该航班婴儿载运数量标准后,为您及您所携带的婴儿同时填开客票,以免您单独购买成人客票后再携带婴儿抵达机场,因超出所搭乘航班婴儿载运数量标准而需变更行程的情况发生。"
"满十四天至未满二周岁,身长不超过七十五厘米,体重不超过二十二磅/十千克的婴儿可申请婴儿摇篮服务。"
"仅限B七百四十七/B七百七十七/B七百八十七/A三百三十/A三百四十机型执行的国际航线部分舱位中免费提供婴儿摇篮服务,如需预定请提前向我们咨询。"
"服务犬是指为残疾人生活和工作提供协助的特种犬,包括辅助犬、助听犬和导盲犬。残疾人旅客旅行途中携带自用的服务犬可以带入客舱免费运输。(建议旅客具体咨询航空公司以航空公司为准)"
"如果您是通过国航官方网站或者九万五千五百八十三购买的保险,您可以在行程单的右下方看到。"
"如果您的登机牌丢失,正常可以在机场现场航空公司的相应柜台补打,建议您联系国航确认信息,国航客服热线:九万五千五百八十三。"
"未经使用且在客票有效期内的客票才可办理退票。若您已办理值机(如网上值机和机场值机)但未乘机也不可办理退票,若需办理请先取消值机后在原出票点申请退票。客票有效期自首段旅行开始之日起,一年内有效 ;如果客票全部未使用,则自填开客票之日起一年内有效。 特种票价客票的有效期,按照承运人规定的有效期计算。超出客票有效期的客票深航不再受理退票申请,机票款、机场建设费、燃油附加费及保险均不再退还,请在客票有效期内提交退票。"
"请您在购票时了解相关的误机费用及改退规定,如果您不乘坐当天航班,我们建议您提前取消座位,方便其他旅客使用。"
"可以,要在航班起飞前二小时致电九万五千五百八十三网站服务取消,否则只能到机场乘机登记柜台取消。"
通过国航九万五千五百八十三或登陆国航官方网站查询。
"国内航线不能提前预定紧急出口的座位,国际航线可以通过国航直销渠道(国航官网、中国国航APP、九万五千五百八十三电话销售服务中心、知音会员服务中心、各营业部售票处及值机柜台)购买。"
"国航“无人陪伴儿童”服务的对象为乘坐飞机时无成人(年满十八周岁且有民事行为能力的人)同行的年满五周岁未满十二周岁的儿童。如果您的孩子年满十二周岁但未满十八周岁,您可自愿申请无成人陪伴儿童服务。 我们可办理全航程由国航实际承运且挂国航航班号的国内、国际、地区直达航班,以及经北京中转联运航班的无成人陪伴儿童服务。 目前我们不承办跨航空公司的联程航班的无成人陪伴儿童业务。如果联程或回程航班涉及其他航空公司,请与实际承运的航空公司联系。"
"国航对老年人的年龄没有限制,但前提是旅客的身体健康适于乘坐飞机,且建议有健康成年人陪同乘坐"
"一名成人可以携带三名五岁(不含)以下儿童,或者一名婴儿和两名五岁(不含)以下儿童,或者两名婴儿(但其中一名婴儿需购买儿童客票)。携带五岁(含)以上儿童无数量限制。"
"由于新生婴儿抵抗力差,呼吸功能不完善,飞机起飞,降落时因气压变化大容易对其造成伤害,因此航空公司规定新生儿不足十四天,早产儿不足九十天的不允许乘机。(建议旅客咨询航空公司以航空公司为准)"
"国内客票不允许,国际客票要以您当时购买的客票规定为准,请您订票时及时做咨询。"
"留学生可以凭学生签证和学生证购买学生票,并且有具体年龄要求,留学生票一般情况下会比普通客票有价格优惠或行李优惠。但是有些航空公司是没有学生票的,具体限制建议您拨打航空公司客服咨询确认,以与航空公司客服核实为准。"
"不会,行程单是作为报销凭证用的。但是您要妥善保管,如遇到退票等事宜还需要收回已经打印的行程单。"
"您将有两张供报销使用的行程单,一张是您原购票的行程单,金额是您购票所付的票款;一张是您所补交差价的行程单,金额是您补交差价的票款。"
"通过代理人购票的旅客请到原购票处索取报销凭证;在东航电子客票网站上订票的旅客请到机场东航电子客票报销凭证领取处索取(电子客票报销凭证只能打印一次,且航班起飞七天后不可再补打报销凭证)。"
"不是的,在允许打印行程单的机场均可打印,无始发地的限制。"
"证件号码需要与旅客登机证件号码相符合,如有差异,请您在办理乘机登记手续之前直接联系出票地更改。"
"对于犹太餐以外的特殊餐食的预订,您最迟须在航班起飞前二十四小时(含)提出申请。距航班起飞时间前二十四小时内,我们不接受任何特殊餐食的申请。"
"有下列情形之一的,南航可按规定不经事先通知改变机型或航线、取消、中断、延期或推迟航班飞行:一、为了遵守国家法律、行政法规、规章、命令或要求。二、为了保证飞行安全。三、其它无法控制或不能预见的原因。由于上述原因之一,南航取消或延误航班,因而未能向旅客提供已定妥的座位(包括舱位等级),或未能在旅客的中途分程地点或目的地点停留,或造成旅客已定妥座位的航班衔接错失,南航会考虑旅客的合理需要并采取以下措施之一:一、为旅客安排有可利用座位的南航后续航班。二、征得旅客及有关承运人的同意后,办理签转手续。三、变更原客票列明的航程,安排南航或其他承运人的航班将旅客运达目的地点或中途分程地点。四、按非自愿退票的规定办理。南航将采取一切必要的措施来避免旅客以及旅客的行李延误。如南航已经采取了一切必要的措施或不可能采取该措施的,南航不承担责任。"
"“非自愿退票”是指因航班取消、提前、延误、航程改变、或不能提供原订座位时,旅客要求退票。"
"3.乘坐(祥鹏)航班的旅客托运行李发生丢失、破损、晚到等情况时,可到行李提取大厅东祥鹏航空行李查询中心查询。"
"如果航班时间变动,或因机型变动造成不能提供原来等级的舱位,南航会尽量根据您的意愿为您改签,如果您不接受,可以按非自愿退票处理。"
"首先,覆盖在机场起降跑道附近的低云、雷雨区是导致航班延误的常见因素;其次,飞机在空中的飞行航道是严格受限的,目的地机场所在城市天气状况良好并不代表飞行航道适合飞行,所以为了旅客安全着想,航班是有可能延误的。"
"首先,即使民航气象部门随时发布比较准确的气象变化趋势,但天气情况是不断变化的,当该状况不符合航班起降标准时,飞机将无法降落,为安全考虑或油量不足以继续盘旋等待天气好转,飞机将不得不备降其他机场。其次,当天气处于标准边缘时,机长将决定飞机能否降落,而每个机长对天气等因素的判断决定是不同的。"
"一、由于南航机务维护、航班调配、机组等原因,造成航班在始发地点延误或取消,南航规定向旅客提供餐食或住宿等服务。二、由于非南航原因包括但不限于天气、突发事件、空中交通管制、机场原因以及旅客等原因,造成航班在始发地点延误或取消,南航会协助旅客安排餐食或住宿,费用由旅客自理。三、航班在经停地点延误或取消,无论何种原因,南航负责向经停旅客提供膳宿服务。"
"首先,即使民航气象部门随时发布比较准确的气象变化趋势,但天气情况是不断变化的,当该状况不符合航班起降标准时,飞机将无法降落,为安全考虑或油量不足以继续盘旋等待天气好转,飞机将不得不备降其他机场。其次,当天气处于标准边缘时,机长将决定飞机能否降落,而每个机长对天气等因素的判断决定是不同的。"
"舱门关闭、一切准备就绪后,机长还需要向空管部门提出离港申请,空管部门根据流量控制决定飞机能否起飞,其他飞机可以正常离港是由于目的地、方向不同而不受该次流量控制的影响。"
"机场尤其是繁忙机场航班起降的密度大,为保证运行安全,空中交通管制部门根据在空中、地面的航班流量状况,对机场区内的飞机实施指挥控制,按一定的安全间隔依次进入跑道起飞,保证飞机在安全间隔内滑行和起飞。在部分繁忙机场或一般机场的高峰时段,空中交通处于超负荷运转,地面交通也是如此,飞机离港往往在地面滑行甚至等待较长时间,这都是正常现象。"
"因流量控制而长时间等待,到后来却没能起飞且得下飞机到候机楼继续等待,甚至于到了跑道准备起飞又滑回来,这是为什么?"
"因流量控制而长时间等待,到后来却没能起飞且得下飞机到候机楼继续等待,甚至于到了跑道准备起飞又滑回来,这是为什么?"
"首先,在航班长时间延误时,航空公司会通过调整航班运行计划缩短延误时间,包括调用备份飞机,但航空公司的备份运力不是在每个航站都有的;其次,临时调机计划需要空管部门的批准方可执行,所以即使有备份运力,也不能保证用于执行航班任务。"
"居住在日本的外国国籍居民,如果需要临时出境并再次返回日本时,请提前向入国管理局申请再入国许可。原则上,机场不提供再入境相关手续的办理业务。出/入境的相关事项请咨询入国管理局内相关柜台。此外,入国管理局也提供邮件咨询服务。"
"航空公司之所以因航班延误而取消、合并航班是有多种原因的,有公司自身的、空管的、机场的及国家重要活动等。如果是航空公司自身原因,一方面公司会对旅客权益的损失给予一定的补偿。另一方面取消、合并航班是为了维护旅客权益,解决前一航班延误影响后续航班,使航班运行秩序尽快恢复。"
"首先,在航班长时间延误时,航空公司会通过调整航班运行计划缩短延误时间,包括调用备份飞机,但航空公司的备份运力不是在每个航站都有的;其次,临时调机计划需要空管部门的批准方可执行,所以即使有备份运力,也不能保证用于执行航班任务。"
"调配原因延误是指在航班运行过程中,南航根据需要对航班做出调整而造成的时间延误;计划原因延误是指航班在计划编排时因航段计划时间编排不足或航班过站时间不足,造成后续航班的延误。"
"目前旅客对航班延误的最大意见就是对航空公司不信任,这实际上也是不断提供延误信息带来的一个弊端。每个航空公司都有一个调度中心在全盘掌握精心调配所有飞机的运行,一旦某一环节出问题,如飞机故障、某机场关闭等原因造成延误发生后,都会对整个航班运行造成影响,调度中心会根据情况及时进行调整,目的是尽快恢复正常的航班运行,同时通知后续航班作相应准备,并会估算出一个大概的延误时间,但是,情况是在不断变化的,不排除在调配过程中又有新的状况,如再次遭遇延误导致时间延长发生,导致一些计划被迫更改,这也就会出现时间一再拖延的情形发生。"
"退票是既取消占座又取消机票,而退座仅仅是取消占座但机票在有效期内仍然可以使用。退座后的机票若要乘机须重新预订航班,其预订方式为办理改期或升舱。"
"针对同一个航班,航空公司、机场、空管因渠道不同,掌握的信息可能存在差异。但作为航班的承运人,当航班延误时,公司会将延误信息第一时间通知到旅客。"
"因为您办理网上乘机登记的时间比较早,登机口信息还没有分配。请您到达机场后,查看动态显示屏或询问东航工作人员以确定登机口。"
"一、如果旅客搭乘的第一个航班是南航的航班,南航或南航的授权代理人将通知旅客办理值机登记的截止时间。二、对于旅客旅程中的任意一个后续航班的乘机登记截止时间,旅客应自行查询。为了旅客旅行的顺畅,应预留充足的时间办理值机登记手续。三、如果旅客未在规定的乘机登记截止时间之前办理登记手续,南航有权取消旅客的定座。各机场的乘机登记截止时间并不一致,建议旅客自行了解并遵守各机场的乘机登记截止时间。"
中间名字可以缩写为第一个字母。
"离港时间是指飞机开始运动和离开它的停留港的时间。此时飞机将开往跑道,准备起飞。离港时间将在您购买或预定客票时显示在您的客票及机场离港时刻表屏幕上。"
"到达时间是指飞机到达目的地机场后停在它停留港上,不再运动的时间。您的航班到达时间在您购买客票时显示在旅程提示上。"
6.特殊物品
"由于旅客原因发生漏乘,按自愿退票的规定办理。由于南航原因造成旅客漏乘,南航会早安排旅客乘坐后续航班成行,如旅客要求退票,按非自愿退票的有关规定办理。"
"根据《《机场管理局附例》,除为警察或香港海关服务的犬只,或陪同视力有障碍人士的引路犬或辅助犬,或将乘搭飞机或由飞机卸下的动物外,任何动物不得进入机场客运大楼。"
临时乘机证明是只能是仅限于乘坐飞机时有效。
"转机时间视各航班情况而定,请向相关航空公司确认详细信息。同时,可以参考转机流程说明。"
"在第一航站楼及第二航站楼的国际禁区,以及第一航站楼国内禁区,均设有提供快餐店。这些快餐店只提供便餐,如果您希望能享受更好的美食,请在安全检查前用餐。"
"居住在日本的外国国籍居民,如果需要临时出境并再次返回日本时,请提前向入国管理局申请再入国许可。原则上,机场不提供再入境相关手续的办理业务。出/入境的相关事项请咨询入国管理局内相关柜台。此外,入国管理局也提供邮件咨询服务。"
"出行旅客将会缴纳“旅客服务设施使用费”及“旅客安保服务费”。其中“旅客服务设施使用费”将用于航站楼公用设施(大厅,登机口休息区等)的维护。而”旅客安保服务费“则将用于安保服务。我们将竭力为旅客提供安全舒适的服务设施及相应优质服务,希望各位旅客能给予我们理解与支持。同时,在购买机票时,“旅客设施使用费”和“旅客安保服务费”已囊括在机票价格内"
"出行旅客将会缴纳“旅客服务设施使用费”及“旅客安保服务费”。其中“旅客服务设施使用费”将用于航站楼公用设施(大厅,登机口休息区等)的维护。而”旅客安保服务费“则将用于安保服务。我们将竭力为旅客提供安全舒适的服务设施及相应优质服务,希望各位旅客能给予我们理解与支持。同时,在购买机票时,“旅客设施使用费”和“旅客安保服务费”已囊括在机票价格内"
"在整理行李物品时,如果您有托运行李,尽可能将不能随身携带物品放在托运行李内托运。对于乘坐民航班机时不允许携带的物          品,不要试图在托运行李、手提行李及随身物品中夹带。(一)如您携带超大、超长或超重的物品出行,请提前向您的航空公司咨询。(二)旅客在安检处接受证件查验时,请提前准备好登机牌、机票(电子客票旅客除外)和有效乘机证件,并主动交予证件检查人员查验。(三)在接受人身安全检查前,请将液态物品从手提行李中取出,将随身携带的金属物品(如手机、充电宝、钥匙、手表等)取出,以便单独接受安全检查。(四)请您相信我们对每一名旅客进行安全检查是为了保证每一名旅客的安全,主动接受并配合安检人员的检查工作,您的安全是我们最关心的事情。(五)如您仍有疑问,请在出行前拨打西安咸阳机场安检电话(二十九-88790845)咨询。 祝您旅途愉快!"
"大厅的LED上会有航班号和对应的转盘号,按你的航班号找对应的转盘就可以了。机场行李托运具体有什么流程:操作方法一、首先进入机场找到相应的航空公司柜台办理托运,托运的物品超过二十kg要按规定收取费用,为了省钱尽量少带不必要的物品,以免超重。二、办理托运时,柜台人员会对你的行李进行安全检查,所以必须确定你的行李不要带打火机、白酒、小刀等违禁物品。三、下了飞机后跟着人群走,到达一个地方会看见许多人站在那里等着,停下来,找到你的飞机的航班所在的行李岛,等着你的行李出来,出来了直接拿走就行。四、如果不放心,还可以找个空旷的地方检查一下自己的物品是否完好。"
"服务犬是指为残疾人生活和工作提供协助的特种犬,包括辅助犬、助听犬和导盲犬。残疾人旅客旅行途中携带自用的服务犬可以带入客舱免费运输。(建议旅客具体咨询航空公司以航空公司为准)"
"立体停车场仅限高度在2.1米及以下的车辆使用。若车辆高度超过2.1米请使用P二-M平面停车场,P三-S室外停车场, 或P四停车场。进入停车场时,系统会自动识别车辆高度。收费标准不会按照实际停车位置变更。高度超过2.5米(含搭载物、配件)的车辆,均按大型车辆收费标准收费。"
"新特丽亚停车场采用“车辆识别系统”。当车辆驶入预约停车场时,系统会自动识别车辆号码,确认后会自动开启闸门。如遇意外情况,闸门无法开启,请手动输入预约号码。为防止意外,请务必记住预约号码。"
"可以在三个地点获得立体停车场的各种停车折扣:交通广场,FLIGHT OF DREAMS 三层,第二航站楼 一层的到达讯问处。虽然可以多次享受折扣,但Centrair卡会员折扣需要通过Centrair卡在自助精算上进行结算。此外,请注意,临时停车场的停车费不能享受各种折扣。同时,摩托车的停车费折扣由停车场管理事务所负责。"
"新特丽亚停车场采用“车辆识别系统”。当车辆驶入预约停车场时,系统会自动识别车辆号码,确认后会自动开启闸门。如遇意外情况,闸门无法开启,请手动输入预约号码。为防止意外,请务必记住预约号码。"
"你好 收费标准:室外停车时间三十分钟之内三十-六十分钟以后每三十分钟全天限额小型车免费六元三元六十元大型车免费十元五元八十元室内停车时间三十分钟之内三十-六十分钟以后每三十分钟全天限额小型车免费七元三元七十元大型车免费十二元五元九十六元           停车时间满半小时但不足一小时按一小时计,不足全天限额的,按计时 标准收费,祝您旅途愉快!"
"如果不慎遗失停车券,请立即联络停车场管理事务所。"
"旅客如在行李转盘上找不到行李或欲申报行李损坏,可联络所选乘的航空公司,或前往行李认领大堂中央的行李询问处求助。相关网页:入境程序"
"有关机票价格、更改机票资料等机票问题,可向所选用的旅行社或航空公司查询。"
"请联络失物认领处。该处负责处理客运大楼内的失物,除了登记失物,还提供失物储存、查询及认领服务。相关网页:香港警务处 (遗失财物网上报告表格)"
"旅客在机舱内遗失物品,可向所选乘的航空公司求助,这些情况由航空公司或其服务代理商负责处理。相关网页:香港警务处 (遗失财物网上报告表格)"
