婴儿还没有名字，能购买机票吗？(国际),婴儿能购买飞机票吗？(国内),婴儿能购买飞机票吗？(国际)
首都机场办理临时身份证需要什么条件,长沙黄花机场t1航站楼哪儿可以办乘机临时身份证,虹桥机场办理临时身份证多长时间
第一次坐飞机小白一名，想问长沙黄花机场t1t2t3是什么意思，有什么区别嘛,第一次坐飞机小白一名，想问长沙黄花机场t1t2t3是什么意思，有什么区别嘛,长沙黄花机场和长沙黄花机场T1是什么意思
长沙黄花机场到长沙南站有哪些交通方式？,长沙黄花机场到长沙南站有哪些交通方式？,长沙黄花机场到长沙南站有哪些交通方式？
机场的贵宾休息室和普通的休息室有什么区别？,浦东机场贵宾休息室可以接机吗？,携程订的长水机场国际航班可订机场贵宾休息室吗
首都机场免税店如何才能进去,机场的贵宾休息室和普通的休息室有什么区别？,在免税店买了东西，为什么还要退税？
深圳宝安国际机场乘坐飞机的流程,无陪伴儿童乘机,乘坐四川航空的飞机有免费机场送机吗？
用驾驶证可以在机场办理临时身份证吗,黄花机场乘机怎么办理临时身份证,虹桥机场办理临时身份证多长时间
国际机票的税金和燃油为什么会有变动？(国际),国际机票没有打折机票吗？(国际),什么是国际机票有效期？(国际)
超重行李怎么收费？,上海浦东国际机场寄存行李,黄花机场如何行李寄存
首都机场免税店如何才能进去,在国外免税店买的酒可以直接携带搭乘国内的航班吗？？,请浦东机场的日上免税店 不出国也就是不买机票可以进去购物吗？
关于坐磁悬浮列车去长沙黄花机场的各种问题,关于坐磁悬浮列车去长沙黄花机场的各种问题,长沙黄花机场去市区坐什么车最方便？
怎样查找丢失物品在长沙黄花国际机场,江北机场托运行李内物品丢失的多吗？都怎么处理的啊？,在机场丢了物品去哪里认领？
重庆、武汉、长沙、成都哪一个城市更宜居？为啥？,重庆、武汉、长沙、成都哪一个城市更宜居？为啥？,重庆、武汉、长沙、成都哪一个城市更宜居？为啥？
深圳宝安国际机场乘坐飞机的流程,到宝安机场T3航站楼怎样登上飞机？,长沙黄花机场wiFi密码多少？
无陪伴儿童乘机,成都双流机场老人没人陪同如何登机?,如何办理临时的乘机手续?
在免税店买了东西，为什么还要退税？,在国外免税店买的酒可以直接携带搭乘国内的航班吗？？,我在浦东机场拿错了别人的箱子怎么找回自己的
请问长沙火车站有到黄花机场的大巴吗？,请问长沙火车站有到黄花机场的大巴吗？,请问长沙火车站有到黄花机场的大巴吗？
关于坐磁悬浮列车去长沙黄花机场的各种问题,关于坐磁悬浮列车去长沙黄花机场的各种问题,长沙黄花机场到长沙南站
军人怎么购买机票？军人购买机票有优惠吗？(国内),请问需要提前多长时间到机场办理登机手续？(国内),凭哪些证件可以到机场派出所办理临时登机证明？
在长沙黄花机场办理临时登机证问题,长沙黄花机场T3航站楼如何接机？,用驾驶证可以在机场办理临时身份证吗
长沙黄花机场到长沙南站,长沙黄花机场到长沙南站,长沙黄花机场到长沙南站
无陪伴儿童乘机,无人陪伴儿童机票怎么算,深圳宝安国际机场乘坐飞机的流程
求长沙朋友推荐本地人爱吃的美食,求长沙朋友推荐本地人爱吃的美食,【美食比拼】武汉、成都和长沙都有小龙虾，那到底哪家强？你推荐吃哪家？
成都双流机场没有办泰国签证白本放行吗,长沙黄花机场到泰国自由行落地签证，需不需要酒店订单？,长沙黄花机场放行印尼或者泰国的落地签吗急！！！！
怎么查首都机场举报电话,首都机场免税店如何才能进去,在长沙黄花机场办理临时登机证问题
退税是在机场安检前还是安检后,转机时，可以携带液态物品吗,怎样投诉西安机场安检
广州白云机场，T1到T2需要多长时间,柬埔寨落地签，从广州白云机场目前可以出境不？,广州白云机场的免费无线网络怎么用？
国际机票是怎么区分儿童票和婴儿票的？(国际),为什么机场建设费有好几种标准？(国内),婴儿能购买飞机票吗？(国内)
深圳宝安国际机场乘坐飞机的流程,在萧山机场怎么登机？,到宝安机场T3航站楼怎样登上飞机？
出租车的投诉电话是多少？,行李的托运标准是什么？,长沙黄花机场wiFi密码多少？
机票定了，身份证丢了怎么坐飞机？,机场安检时丢了东西怎么办？,在重庆机场安检丢了物品怎么办
上海浦东国际机场可以带轮椅吗,长沙黄花机场有没有陪送服务,机场有哪些贵宾服务？
长沙黄花机场如何从国内到达厅去国际到达厅？,凌晨一点，到达长沙黄花机场，那个时间，还能有机场大巴吗？,起飞前多久开始登机？
出/入境有哪些需要注意的,转机时，可以携带液态物品吗,"台湾人没有台胞证,从长沙黄花机场入境落地签证？？"
怎样查找丢失物品在长沙黄花国际机场,在机场丢了物品去哪里认领？,江北机场托运行李内物品丢失的多吗？都怎么处理的啊？
坐飞机七十岁老人有什么要求,82岁的老人可以坐飞机吗？有人陪护，需要什么条件？,怎样为老人单独坐飞机申请无陪护服务
首都机场T3免费WIFI怎么用,广州白云机场的免费无线网络怎么用？,怎么查首都机场举报电话
求长沙朋友推荐本地人爱吃的美食,求长沙朋友推荐本地人爱吃的美食,【美食比拼】武汉、成都和长沙都有小龙虾，那到底哪家强？你推荐吃哪家？
上海浦东国际机场可以带轮椅吗,长沙黄花机场登机流程,长沙黄花机场退税流程
婴儿还没有名字，能购买机票吗？(国际),婴儿能购买飞机票吗？(国内),婴儿能购买飞机票吗？(国际)
首都机场办理临时身份证需要什么条件,长沙黄花机场t1航站楼哪儿可以办乘机临时身份证,虹桥机场办理临时身份证多长时间
第一次坐飞机小白一名，想问长沙黄花机场t1t2t3是什么意思，有什么区别嘛,第一次坐飞机小白一名，想问长沙黄花机场t1t2t3是什么意思，有什么区别嘛,长沙黄花机场和长沙黄花机场T1是什么意思
长沙黄花机场到长沙南站有哪些交通方式？,长沙黄花机场到长沙南站有哪些交通方式？,长沙黄花机场到长沙南站有哪些交通方式？
机场的贵宾休息室和普通的休息室有什么区别？,浦东机场贵宾休息室可以接机吗？,携程订的长水机场国际航班可订机场贵宾休息室吗
首都机场免税店如何才能进去,机场的贵宾休息室和普通的休息室有什么区别？,在免税店买了东西，为什么还要退税？
深圳宝安国际机场乘坐飞机的流程,无陪伴儿童乘机,乘坐四川航空的飞机有免费机场送机吗？
用驾驶证可以在机场办理临时身份证吗,黄花机场乘机怎么办理临时身份证,虹桥机场办理临时身份证多长时间
国际机票的税金和燃油为什么会有变动？(国际),国际机票没有打折机票吗？(国际),什么是国际机票有效期？(国际)
超重行李怎么收费？,上海浦东国际机场寄存行李,黄花机场如何行李寄存
首都机场免税店如何才能进去,在国外免税店买的酒可以直接携带搭乘国内的航班吗？？,请浦东机场的日上免税店 不出国也就是不买机票可以进去购物吗？
关于坐磁悬浮列车去长沙黄花机场的各种问题,关于坐磁悬浮列车去长沙黄花机场的各种问题,长沙黄花机场去市区坐什么车最方便？
怎样查找丢失物品在长沙黄花国际机场,江北机场托运行李内物品丢失的多吗？都怎么处理的啊？,在机场丢了物品去哪里认领？
重庆、武汉、长沙、成都哪一个城市更宜居？为啥？,重庆、武汉、长沙、成都哪一个城市更宜居？为啥？,重庆、武汉、长沙、成都哪一个城市更宜居？为啥？
深圳宝安国际机场乘坐飞机的流程,到宝安机场T3航站楼怎样登上飞机？,长沙黄花机场wiFi密码多少？
无陪伴儿童乘机,成都双流机场老人没人陪同如何登机?,如何办理临时的乘机手续?
在免税店买了东西，为什么还要退税？,在国外免税店买的酒可以直接携带搭乘国内的航班吗？？,我在浦东机场拿错了别人的箱子怎么找回自己的
请问长沙火车站有到黄花机场的大巴吗？,请问长沙火车站有到黄花机场的大巴吗？,请问长沙火车站有到黄花机场的大巴吗？
关于坐磁悬浮列车去长沙黄花机场的各种问题,关于坐磁悬浮列车去长沙黄花机场的各种问题,长沙黄花机场到长沙南站
军人怎么购买机票？军人购买机票有优惠吗？(国内),请问需要提前多长时间到机场办理登机手续？(国内),凭哪些证件可以到机场派出所办理临时登机证明？
在长沙黄花机场办理临时登机证问题,长沙黄花机场T3航站楼如何接机？,用驾驶证可以在机场办理临时身份证吗
长沙黄花机场到长沙南站,长沙黄花机场到长沙南站,长沙黄花机场到长沙南站
无陪伴儿童乘机,无人陪伴儿童机票怎么算,深圳宝安国际机场乘坐飞机的流程
求长沙朋友推荐本地人爱吃的美食,求长沙朋友推荐本地人爱吃的美食,【美食比拼】武汉、成都和长沙都有小龙虾，那到底哪家强？你推荐吃哪家？
成都双流机场没有办泰国签证白本放行吗,长沙黄花机场到泰国自由行落地签证，需不需要酒店订单？,长沙黄花机场放行印尼或者泰国的落地签吗急！！！！
怎么查首都机场举报电话,首都机场免税店如何才能进去,在长沙黄花机场办理临时登机证问题
退税是在机场安检前还是安检后,转机时，可以携带液态物品吗,怎样投诉西安机场安检
广州白云机场，T1到T2需要多长时间,柬埔寨落地签，从广州白云机场目前可以出境不？,广州白云机场的免费无线网络怎么用？
国际机票是怎么区分儿童票和婴儿票的？(国际),为什么机场建设费有好几种标准？(国内),婴儿能购买飞机票吗？(国内)
深圳宝安国际机场乘坐飞机的流程,在萧山机场怎么登机？,到宝安机场T3航站楼怎样登上飞机？
出租车的投诉电话是多少？,行李的托运标准是什么？,长沙黄花机场wiFi密码多少？
机票定了，身份证丢了怎么坐飞机？,机场安检时丢了东西怎么办？,在重庆机场安检丢了物品怎么办
上海浦东国际机场可以带轮椅吗,长沙黄花机场有没有陪送服务,机场有哪些贵宾服务？
长沙黄花机场如何从国内到达厅去国际到达厅？,凌晨一点，到达长沙黄花机场，那个时间，还能有机场大巴吗？,起飞前多久开始登机？
出/入境有哪些需要注意的,转机时，可以携带液态物品吗,"台湾人没有台胞证,从长沙黄花机场入境落地签证？？"
怎样查找丢失物品在长沙黄花国际机场,在机场丢了物品去哪里认领？,江北机场托运行李内物品丢失的多吗？都怎么处理的啊？
坐飞机七十岁老人有什么要求,82岁的老人可以坐飞机吗？有人陪护，需要什么条件？,怎样为老人单独坐飞机申请无陪护服务
首都机场T3免费WIFI怎么用,广州白云机场的免费无线网络怎么用？,怎么查首都机场举报电话
求长沙朋友推荐本地人爱吃的美食,求长沙朋友推荐本地人爱吃的美食,【美食比拼】武汉、成都和长沙都有小龙虾，那到底哪家强？你推荐吃哪家？
上海浦东国际机场可以带轮椅吗,长沙黄花机场登机流程,长沙黄花机场退税流程
