"旅客托运行李内部分物品丢失:目的地为长沙的航班,旅客未出机场隔离区可以建议旅客跟行李查询室联系,离开机场建议旅客联系公安机关报案处理;长沙始发的航班建议旅客联系到达机场。","旅客托运行李内部分物品丢失:目的地为长沙的航班,旅客未出机场隔离区可以建议旅客跟行李查询室联系,离开机场建议旅客联系公安机关报案处理;长沙始发的航班建议旅客联系到达机场。旅客托运行李未随机到达,若是落地长沙的航班可记录行李单号及航班号至行李查询处查询。旅客行李破损未离开机场前可直接联系行李查询处进行理赔,理赔标准以航司为准。","一、去降落机场的“失物招领”柜台。 (失物招领一般和机场的行礼寄存在一起,因为两者都需要储物空间)。 这里要说明,招领台的服务人员会让你提供你丢失物品的时间、航班号、以及你回忆的可能丢失物品的位置,方便工作人员查找。 二、如果你觉得丢失在始发站,你需要拨打电话。 如果降落机场未找到,而且你觉得可能是在始发机场丢失的,就需要打电话到始发机场的失物招领处的电话。 这里推荐在网站上搜索“**机场 失物招领”,方便你找到对应电话号。 三、如果东西丢了好长时间,你不确定是否丢失在机场怎么办。 这里提供一个小建议——寻找对方机场的微博,扫一扫最近丢失物品的信息,说不定有意外收获。 四、其他建议 丢东西这件事很麻烦,对一些丢失物品的补充措施我这里写一下: 储蓄卡——必须到柜台挂失 信用卡——可以电话联系客服直接挂失 身份证——1.立即到派出所挂失;2.在网上发表一份证明(表明自己身份证丢失的时间证据);3.联系报社,登报声明(这是相对来说最有法律效益的行为了)"
"国内值机时间:值机柜台是全开放式,所有旅客可以在航班起飞前三小时开始办理值机手续,起飞前四十分钟停止办理。国际航班值机:柜台是分不同的航空公司开放,二百坐以下的飞机起飞前二小时开始办理值机手续,二百以上提前三小时开始办理值机手续,提前四十分钟结束办理,亚航国际航班提前一小时截止办理登机牌。","一、航班起飞前四十分钟开始登机,航班起飞前十五分钟停止登机,开始登机时机场中央大广播会自动播放登机广播,主要是催促已经办理值机手续但还未过安检的旅客尽快过安检,开始登机后登机口也会有相应区域广播,主要是航班动态、登机口变更以及催促旅客登机广播,该广播覆盖范围有限,若旅客离开登机口则有可能听不到。若旅客来电质疑没有听到广播通知,中央大广播记录可联系广播室查询,登机口区域广播可联系候机查询,但广播录音均不可对外。","国内值机时间:值机柜台是全开放式,所有旅客可以在航班起飞前三小时开始办理值机手续,起飞前四十分钟停止办理。"
"不能提前那么多时间换,只能提前二个半小时一般换完登机牌就可以直接过安检,但是飞机起飞前半小时是停止换登机牌的建议还是早点过去成都双流国际机场候机楼开放时间从早上四:三十提前至四:零,所有国内出港航班的旅客登机手续的办理,也由以前航班起飞前两个小时开办,提前到两个半小时,此项举措不针对国际(地区)出港航班的旅客。","国际航班值机:柜台是分不同的航空公司开放,二百坐以下的飞机起飞前二小时开始办理值机手续,二百以上提前三小时开始办理值机手续,提前四十分钟结束办理,亚航国际航班提前一小时截止办理登机牌。","国内值机时间:值机柜台是全开放式,所有旅客可以在航班起飞前三小时开始办理值机手续,起飞前四十分钟停止办理。国际航班值机:柜台是分不同的航空公司开放,二百坐以下的飞机起飞前二小时开始办理值机手续,二百以上提前三小时开始办理值机手续,提前四十分钟结束办理,亚航国际航班提前一小时截止办理登机牌。"
长沙黄花国际机场巴士时刻表,"长沙航空口岸正式开办签证业务,这意味着今后外国人来湖南可以直接在长沙黄花国际机场办理落地签证。",2.厦航机场售票柜台(长沙黄花国际机场T二航站楼国内出发厅一号和二号门之间)
"机场免税店和市内免税店都是免税的,机场的免税店一般要凭登机牌购买,市内的免税店要凭护照或者出境凭证购买,而且有的市内免税店要求在出境口岸提取免税品,比如机场。","b.异地机场开具的,有标注有效期的临时乘机证明,在有效期内可以在长沙机场直接使用。","估计长沙黄花机场的小车过夜停车价格是五十至一百元一天吧?时间长点的一般都不会选择机场停车场,在航站楼附近有一家“红利停车场”是专供小车过夜停车的应该是机场附近距离最近的大型停车场了。你可以咨询下,我停过几次。"
"黄花机场机公安办理临时乘机证明的位置:T二航站楼安检十六号通道边设有办理柜台旅客由于特殊原因无法提供有效证件,可通过以下方式办理临时乘机证明。a.需要办理临时登机证明的旅客,可到T二航站楼始发层十六号号安检口附近公安执勤点办理。b.异地机场开具的,有标注有效期的临时乘机证明,在有效期内可以在长沙机场直接使用。c.部分地区停止开具户籍证明,改开常住人口基本信息,同样为A四纸打印,有统一格式,内容有照片、户籍信息、户籍公章,效力等同于户籍证明。d.	证件只认可扫描件、复印件以及传真件,用手机拍照下来的或是拍照下来后打印出来的不认可,拍照之后打印出来的能够证明身份的证件,可以在公安执勤点换取临时乘机证明。e.临时登机证明可以提前来机场办理,在证明上标明有效期即可,在有效期以内都可以使用。f.没有公章的常住人口信息和一个有公章的接警证明(有各类信息没有照片)可以换到临时登机证明。g.如果儿童未上户,公安在系统中查询不到其户籍信息,凭出生证明等证件也无法开具临时乘机证明。十二周岁以下儿童乘机可以凭户口本,出生证明原件或者复印件。h.12岁以下儿童或婴儿无法提供任何纸质证明,家人也不清楚孩子的任何证件号码,如果已经上户且为湖南省内户口,机场公安办可以根据父母的信息调取孩子的信息,如查实真实有效,可以开具临时登机证明。i.	符合办理《临时身份证明》的旅客(现役军人除外)须提供户口本或驾驶证、社保卡、暂住证(居住证)、工作证、介绍信,或过期的身份证、护照、《临时身份证明》等任一项身份证明材料(原件或复印件)及两张本人近期一存证件照片。j.	无法提供上述身份证明材料的,有其他能够证明其身份的书面材料,申请人应如实提供本人姓名、身份证件号、户籍所在地、家庭住址、同户籍亲属人员情况等相关信息,k.现役军人申请《临时身份证明》,应当提供所在单位保卫或政府部门出具的介绍信原件,经机场公安机关查验无误后签发《临时身份证明》l.根据湖南物价局规定,收取三十元办证服务费。m.《临时身份证明》仅限于中华人民共和国国籍(不含港澳台)旅客乘坐国内民航飞机时作为有效乘机证明使用,不得作为其他用途。n.临时乘机证明不能代办,必须本人办理。长沙机场办理临时乘机证明有效期最短为七天,最长为十五天,一次性乘机。办理时间一般为五-十分钟/人,具体要看现场操作及排队情况。o.  《临时身份证明》式样统一,在全国民用航空运输机场(不含港澳台)通用、有效。","n.临时乘机证明不能代办,必须本人办理。长沙机场办理临时乘机证明有效期最短为七天,最长为十五天,一次性乘机。办理时间一般为五-十分钟/人,具体要看现场操作及排队情况。","b.异地机场开具的,有标注有效期的临时乘机证明,在有效期内可以在长沙机场直接使用。"
"四、汽车南站:原汽车南站已搬至新的过度站,新的具体地点:中意路与万芙路交汇处东北角,也可跟旅客描述为万芙路 湘中物流旁。站内机场巴士统一在大厅窗口买票,乘车在负一楼,原联系方式已停用,统一告知七百三十一-八千四百七十九万八千零七十六。","二、黄花机场可购买龙骧集团省内长途汽车票:自二千零一十七年一月一日起,旅客可在黄花机场到达层机场巴士售票柜台购买龙骧集团各大汽车站的长途汽车票,(包括汽车东站、汽车南站、汽车西站、黎托汽车站、长株潭汽车站、浏阳汽车站)。欢迎有需要的旅客前来咨询购买。详情请咨询七百三十一-八千四百七十九万八千零七十六。",至长沙市汽车南站参考价格:一百一十元
"关注“CSA九万六千七百七十七”微信公众平台→点击值机功能→确认行程信息→选择座位办理值机→本人在一证通关专属安检通道出示二代身份证→安全检查→登机口候机。“微信值机” 开放时间与航空公司网上值机时间相同,若旅客反映官网已经可以值机了,但是我们微信不行。微信值机数据会在晚上八点更新,可建议旅客晚上八点以后再试。若还是不行可能是航司并未开放该航班权限。应对话术:XX先生/女士,非常抱歉,我们微信值机的数据均取自航司若显示无法办理可能是航司没有开放该航班权限,建议您先行至航司官网办理,我这边会记录相关信息后反应至后台工作人员进行核实,给您带来不便非常抱歉。","关注“CSA九万六千七百七十七”微信公众平台→点击值机功能→确认行程信息→选择座位办理值机→本人在一证通关专属安检通道出示二代身份证→安全检查→登机口候机。“微信值机” 开放时间与航空公司网上值机时间相同,若旅客反映官网已经可以值机了,但是我们微信不行。微信值机数据会在晚上八点更新,可建议旅客晚上八点以后再试。若还是不行可能是航司并未开放该航班权限。应对话术:XX先生/女士,非常抱歉,我们微信值机的数据均取自航司若显示无法办理可能是航司没有开放该航班权限,建议您先行至航司官网办理,我这边会记录相关信息后反应至后台工作人员进行核实,给您带来不便非常抱歉。","“微信值机” 开放时间与航空公司网上值机时间相同,若旅客反映官网已经可以值机了,但是我们微信不行。微信值机数据会在晚上八点更新,可建议旅客晚上八点以后再试。若还是不行可能是航司并未开放该航班权限。"
"购物退税是指对境外游客在退税定点商店购买的随身携运出境的退税物品,按规定退税的政策。","在机场有专门的退税公司窗口,过去填写退税表格,就可以获得退税。全球比较大的退税公司是global refund和tax free。退税手续办完之后,如果选择现金退税,直接在柜台可取。如果选择信用卡退税,则需要回来之后等待退税到账。在意大利和西班牙退税很快,基本上一周之内就会收到退款;而在法国和英国的退税,需要耐心等待一到两个月。退税一般是两种方式,退到信用卡或者退现金,退到支票的比较少。普遍而言,退到信用卡更划算。在欧洲退税时,如果退税到信用卡比直接退现金,多获1.2%金额。","《规定》不仅明确了超过“十五分钟”就算是延误,还明确了什么是“离港”,什么算是“到港”,飞机在机场滑行也算时间。"
"e.临时登机证明可以提前来机场办理,在证明上标明有效期即可,在有效期以内都可以使用。","n.临时乘机证明不能代办,必须本人办理。长沙机场办理临时乘机证明有效期最短为七天,最长为十五天,一次性乘机。办理时间一般为五-十分钟/人,具体要看现场操作及排队情况。",黄花机场机公安办理临时乘机证明的位置:T二航站楼安检十六号通道边设有办理柜台
"南航有两个贵宾厅:1.头等舱休息室,一-七号安检口右边; 2.金银卡旅客休息室,三十一号登机口旁边。建议旅客到A岛问讯处咨询国内商务贵宾厅 三个隔离区外:一号贵宾厅,候机楼外连廊(此贵宾厅业务需要通过接待科预约)二号贵宾厅,候机楼外连廊为冠名厅企业和协议单位客户使用三号贵宾厅,A岛以北(到达层一号门旁的手扶梯上楼可见)网络预约休息厅V四,D值机岛旁(上梯梯可见)六号贵宾厅V六,T一航站楼二号门南侧头等舱贵宾厅 五个隔离区内:T一-一号头等舱休息室,进安检后往左约一百米;T一-二号头等舱休息室,进安检后往右约一百米;T一-三号头等舱休息室,位于十五号登机口旁;五号、六号商务休息室,位于老十八、十九号登机口附近;七号、八号、九号头等舱休息室,位于隔离区候机厅A岛附近;十号十四号由于品质提升,暂时未开放。十五号头等舱休息室,位于四十七-五十号登机口旁边;国际有三个国际贵宾厅,都在国际出发过安检后的左侧要根据旅客的登机口,然后选择就近的贵宾休息室,建议旅客找到现场贵宾厅工作人员指引相应位置",凭常旅客卡可进入头等舱休息室及免费行李额度:,"T一-三号头等舱休息室,位于十五号登机口旁;"
"长沙航空口岸正式开办签证业务,这意味着今后外国人来湖南可以直接在长沙黄花国际机场办理落地签证。",长沙黄花国际机场巴士时刻表,"目前,境外旅客凭销售发票和购物离境退税申请单,就可以直接在长沙黄花国际机场、张家界荷花国际机场进行海关验核后办理退税。"
"专人接送机,代办出港值机手续;","长沙新航宾馆地址:长沙县黄花镇大路村南盘元组二十号距离长沙黄花国际机场约1.8公里;酒店开业时间 二千零一十三年入住客人好评率 九十五% 以上酒店提供免费接送机服务房间很干净,很整洁,赶早班飞机很不错,还有免费车辆送到机场,离机场很近您可登陆艺龙旅行网官网上查询更多酒店具体信息。","一、乘务组应事先掌握重要旅客身份和是否有特殊服务的要求,并根据掌握的情况研究具体服务方案。"
"长沙航空口岸正式开办签证业务,这意味着今后外国人来湖南可以直接在长沙黄花国际机场办理落地签证。","e.临时登机证明可以提前来机场办理,在证明上标明有效期即可,在有效期以内都可以使用。",交通违规处罚:黄花机场交通违法处理二千零一十三年三月一日起可在长沙就近办理
"一、接到旅客对出租车事项的投诉,首先与旅客确认是投诉出租车司机还是机场站点的地面执法人员;","至长沙市中心参考价格:九十元至长沙市汽车西站参考价格:一百二十元至长沙市汽车南站参考价格:一百一十元关于出租车投诉受理流程:一、接到旅客对出租车事项的投诉,首先与旅客确认是投诉出租车司机还是机场站点的地面执法人员;二、如是投诉地面执法人员,请记录工作人员工号、姓名或体貌特征及事情经过;三、如是投诉出租车司机服务态度、甩客、拼客等不规范行为,在没发车的情况下,可受理,请记录车牌号,车辆所属公司,转至客运执法大队,如已发车,请旅客向长沙市客管处投诉,长沙市出租车投诉电话为一万二千三百二十八四、关于出租车司机投诉客运执法大队工作人员的问题,请直接告知出租车司机,直接拨打客运执法大队值班经理的电话一百三十九亿七千四百八十四万三千零二十二,有值班领导来处理,如果出租车司机在现场,请直接到客运执法大队办公室进行说明情况如出租车司机的行驶证在机场被扣留,须在机场执法大队缴纳罚款,可以联系 八千四百七十九万九千四百九十八 (行政班),地址在机场篮球场附近。","三、如是投诉出租车司机服务态度、甩客、拼客等不规范行为,在没发车的情况下,可受理,请记录车牌号,车辆所属公司,转至客运执法大队,如已发车,请旅客向长沙市客管处投诉,长沙市出租车投诉电话为一万二千三百二十八"
快递服务:T一邮政快递位置:安检通道后方右侧;T二邮政快递位置:隔离区内十五号安检口后方;顺丰速运位置:出发层二号门旁,"一般安检的工作人员会直接拿快递单让旅客填写(底单一般旅客会带走),如果当时没有让旅客填写快递单,安检工作人员会将快递单填写好之后将相关信息发送给旅客。一般会在次日安排邮寄。安检给旅客邮寄物品使用的快递一律都是邮政,联系机场邮政电话八千八百七十五万四千零六十","旅客在安检口旅客要求邮寄的物品,现在统一由失物招领统一管理,旅客领取物品可直接联系失物招领处。一般安检的工作人员会直接拿快递单让旅客填写(底单一般旅客会带走),如果当时没有让旅客填写快递单,安检工作人员会将快递单填写好之后将相关信息发送给旅客。一般会在次日安排邮寄。安检给旅客邮寄物品使用的快递一律都是邮政,联系机场邮政电话八千八百七十五万四千零六十移动充电宝属于潜在危险物品,如果旅客携带了不符合规定的充电宝或其他易燃易爆危险品而无法携带,安检无法寄存。旅客帮乘机人代取寄存在安检的物品,如果旅客没有乘机人的身份证,寄存单遗失。如果旅客可以提供乘机人乘机日期,航班号码,物品名称和数量,及旅客的身份证,安检工作人员可以找到该物品,旅客可以领取到该寄存物品旅客在安检处落下的东西会在当天移交失物招领处。"
"去台湾必须出具往返程机票。如回程不直接回长沙,也要出具离开台湾去其他地方的行程单·","如果香港旅客想从长沙出港到台湾,无论成人还是小孩都不可以用香港护照,必须用回乡卡(港澳居民来往内地通行证)才能从长沙出境。",长沙黄花国际机场巴士时刻表
长沙黄花国际机场巴士时刻表,"长沙航空口岸正式开办签证业务,这意味着今后外国人来湖南可以直接在长沙黄花国际机场办理落地签证。",2.厦航机场售票柜台(长沙黄花国际机场T二航站楼国内出发厅一号和二号门之间)
"确保酒已经装进免税店封口的袋子内。直接拎着上飞机。到国内转机,也是直接拎着过安检,向安检小哥展示一下,免税店封好的袋子。再次直接拎上飞机。","可以北京首都国际机场,下飞机后是可以去免税店的,但是只能在下飞机的航站楼购物。免税店一般不在外面,都是在里面候机大厅或者刚到达的那个区域,没有办理机票值机的话,无法进入那个区域的。假如你在T二下飞机,就只能在T二的免税店买东西了。记得,下了飞机一定要找到免税店,不要先出关,如果出来了,就无法再进去了,也就买不了东西了。","可以北京首都国际机场,下飞机后是可以去免税店的,但是只能在下飞机的航站楼购物。免税店一般不在外面,都是在里面候机大厅或者刚到达的那个区域,没有办理机票值机的话,无法进入那个区域的。假如你在T二下飞机,就只能在T二的免税店买东西了。记得,下了飞机一定要找到免税店,不要先出关,如果出来了,就无法再进去了,也就买不了东西了。"
"如果旅客使用护照购买了国内转国际的联程机票,可以建议旅客请原售票点在国内段备注身份证号码;如无法备注可以使用护照复印件和身份证从长沙机场乘机前往转机地。",黄花机场机公安办理临时乘机证明的位置:T二航站楼安检十六号通道边设有办理柜台,"一、目前,只实现了湖南省内公民的电子身份证在长沙黄花国际机场过安检,其他省份的会陆续开放。"
"深圳作为大型国际机场,所兑换的币种也是很齐全的。比如:美金,港元,英镑,澳元,欧元。还有中国的国际机场一般都有东南亚各国的货币可供兑换。扩展资料:目前银行可兑换的币种有:英镑、港币、美元、瑞士法郎、新加坡元、瑞典克朗、挪威克朗、日元、丹麦克朗、加拿大元、澳大利亚元、欧元、菲律宾比索、泰国铢、韩国元、澳门元、新台币共十七种货币。一、买入外币的手续⑴港澳台、华侨、外国人士手中持有的可自由兑换货币需要兑换成人民币,可凭本人有效身份证件到本行营业部办理兑换;二、卖出外币的手续⑴ 港澳台、华侨、外国人士手中持有未用完的人民币要求兑回外币,可凭自开出起六个月内有效的外币水单准予一次性兑回外币;三、卖出外币的手续⑴港澳台、华侨、外国人士可以将一种外币兑换成另一种外币。","深圳作为大型国际机场,所兑换的币种也是很齐全的。比如:美金,港元,英镑,澳元,欧元。还有中国的国际机场一般都有东南亚各国的货币可供兑换。扩展资料:目前银行可兑换的币种有:英镑、港币、美元、瑞士法郎、新加坡元、瑞典克朗、挪威克朗、日元、丹麦克朗、加拿大元、澳大利亚元、欧元、菲律宾比索、泰国铢、韩国元、澳门元、新台币共十七种货币。一、买入外币的手续⑴港澳台、华侨、外国人士手中持有的可自由兑换货币需要兑换成人民币,可凭本人有效身份证件到本行营业部办理兑换;二、卖出外币的手续⑴ 港澳台、华侨、外国人士手中持有未用完的人民币要求兑回外币,可凭自开出起六个月内有效的外币水单准予一次性兑回外币;三、卖出外币的手续⑴港澳台、华侨、外国人士可以将一种外币兑换成另一种外币。","哪里兑换好视乎你去哪里。如果国外适用自由汇率,要找到汇率公道的兑换点就得花时间。但机场一定是最坑的地方。换完了外币可以存放在银行卡里,条件是必须本行柜台办理,即别说出国,就算在国内,也只能在本行的柜台存。"
"一、贵宾休息室与普通候机室最大的差别就是在于贵宾室可以无限畅饮,有免费餐食,至于餐食的水准还是要视具体的运营商,对于土豪航空公司的自助餐就不用多少说,那必须是很赞的。二、很多VIP贵宾室有单独的安检通道,可以优先登机,在上下飞机还有专门的小车接送,不用和大队人马一起排队。三、对于那些长时间延误或者要过夜转机的朋友来说,贵宾室绝对是一种享受,有地方淋浴,有个地方能够舒舒服服的坐着或者躺着刷刷朋友圈,无疑是雪中送炭的服务。机场的贵宾休息室一般分为三类:第一类就是航空公司自建的休息室,一般是为了两舱或者自己的精英会员提供服务。比如东航在上海、北京、青岛等机场都有自己的休息室。第二类就是机场自营的休息室,为那些在本场没有自建休息室的航空公司提供两舱服务,比如在虹桥机场如果乘坐吉祥航空的两舱,进的就是虹桥V一休息室,虹桥机场的自营休息室。第三类则是由第三方运营的休息室,这些休息室一般都是由某些公司,比如银行、电信等在机场内租赁一块场地自己办的,面向的客户主要是自己公司的高端客户。扩展资料:一、机场休息室的类别:机场休息室一般分为三类。(一)第一类要客休息室,给省部级或者当地政府规定的接待客人使用,部分享受单独安检通道、随员不限。不论是否接廊桥都单独小车接送、专人引导、定点餐食、各种免费饮料、电视、Wi-Fi、报纸杂志等服务,同时休息室内也提供改签、挑换座位等航空公司的服务。算是休息室服务中级别最高、服务最好的。(二)第二类高舱休息室,主要是给航空公司高舱(头等舱、公务舱、高端经济舱)以及高端会员(一般都是第三级别会员,如国航只给金卡会员以上)提供候机服务的。这一类休息室大部分在隔离区里,因此大部分不包含独立的安检,提供的服务次于要客休息室。但基本包括电视、报纸、杂志、Wi-Fi、小吃、饮料,航空公司基地站的自营休息室水平较高甚至包括淋浴间、睡眠室、独立吸烟室、独立休息室、按摩室,餐食也相对好一些。更重要的是航空公司自营休息室可以提供改签、改座位、候补等航司服务,你不用奔波于柜台和休息室两边反复安检。(三)第三类则是银行卡、商旅卡休息室,这类中银行卡较为高端,大型航站的银行卡休息室提供的服务堪比要客。有些设立在隔离区外为用户提供头等舱安检、小车接送服务,其他服务方面好的很好,差的地板就是航空公司代办水平,很多银行卡休息室在小航站就是代办休息室当然也是商务卡休息室。","一、要客服务部门接到有重要旅客的通知后,应事先准备好贵宾休息室,并备妥供应物品。","五、贵宾休息室的服务人员要按规定着装,举止大方,热情有礼貌,主动、周到地做好服务工作。"
"到达目的地再看大屏幕。一、飞机到港以后下飞机,飞机场有指示,上面写着到达大厅,行李提取。二、按指示走,到了到达大厅,就会有行李提取处,一般就是一个转盘,上面有电子显示牌上面写着哪个航班在这里取行李,你找到你那个航班取行李的转盘,等着,一会转盘就会动了,行李就出来了,你看到自己的行李拿下来就可以。三、出机场的时候有工作人员会查对你行李票上的票号和行李上的票号是否一样,这个主要是怕乘客拿错行李,你行李票一般是在办理登机牌的时候贴在登机牌上的。","从长沙机场出发的国际航班,只要旅客已经向航司成功申请了行李加重,在办理值机的时候就可以享受已经加重后的托运行李额。","大厅的LED上会有航班号和对应的转盘号,按你的航班号找对应的转盘就可以了。机场行李托运具体有什么流程:操作方法一、首先进入机场找到相应的航空公司柜台办理托运,托运的物品超过二十kg要按规定收取费用,为了省钱尽量少带不必要的物品,以免超重。二、办理托运时,柜台人员会对你的行李进行安全检查,所以必须确定你的行李不要带打火机、白酒、小刀等违禁物品。三、下了飞机后跟着人群走,到达一个地方会看见许多人站在那里等着,停下来,找到你的飞机的航班所在的行李岛,等着你的行李出来,出来了直接拿走就行。四、如果不放心,还可以找个空旷的地方检查一下自己的物品是否完好。"
"托运行李必须包装完善、锁扣完好、捆扎牢固,能承受一定的压力,能够在正常的操作条件下安全装卸和运输;旅行箱、旅行袋和手提包等必须加锁;两件以上的包件,不能捆为一件;行李上不能附插其他物品;竹篮、网兜、草绳、草袋等不能作为行李的外包装物;行李上应写明旅客的姓名、详细地址、电话号码;行李包装内不能用锯末、谷壳、草屑等作衬垫物。","如果货物的包装不符合规定,应要求托运人改进或重新包装。","2.油的携带:原厂原包装符合包装要求下可以办理行李托运,暂无数量限制,建议少带。食用油无论是否原厂原包装均不可货运。有特殊用途的散装的食用油,如参展、科研等,如果能够出具权威的成分证明或生产许可证,征得承运人同意,经检查确认其安全性之后可以进行托运。"
"估计长沙黄花机场的小车过夜停车价格是五十至一百元一天吧?时间长点的一般都不会选择机场停车场,在航站楼附近有一家“红利停车场”是专供小车过夜停车的应该是机场附近距离最近的大型停车场了。你可以咨询下,我停过几次。",长沙黄花国际机场巴士时刻表,"大厅的LED上会有航班号和对应的转盘号,按你的航班号找对应的转盘就可以了。机场行李托运具体有什么流程:操作方法一、首先进入机场找到相应的航空公司柜台办理托运,托运的物品超过二十kg要按规定收取费用,为了省钱尽量少带不必要的物品,以免超重。二、办理托运时,柜台人员会对你的行李进行安全检查,所以必须确定你的行李不要带打火机、白酒、小刀等违禁物品。三、下了飞机后跟着人群走,到达一个地方会看见许多人站在那里等着,停下来,找到你的飞机的航班所在的行李岛,等着你的行李出来,出来了直接拿走就行。四、如果不放心,还可以找个空旷的地方检查一下自己的物品是否完好。"
黄花机场机公安办理临时乘机证明的位置:T二航站楼安检十六号通道边设有办理柜台,"n.临时乘机证明不能代办,必须本人办理。长沙机场办理临时乘机证明有效期最短为七天,最长为十五天,一次性乘机。办理时间一般为五-十分钟/人,具体要看现场操作及排队情况。","b.异地机场开具的,有标注有效期的临时乘机证明,在有效期内可以在长沙机场直接使用。"
"一、去降落机场的“失物招领”柜台。 (失物招领一般和机场的行礼寄存在一起,因为两者都需要储物空间)。 这里要说明,招领台的服务人员会让你提供你丢失物品的时间、航班号、以及你回忆的可能丢失物品的位置,方便工作人员查找。 二、如果你觉得丢失在始发站,你需要拨打电话。 如果降落机场未找到,而且你觉得可能是在始发机场丢失的,就需要打电话到始发机场的失物招领处的电话。 这里推荐在网站上搜索“**机场 失物招领”,方便你找到对应电话号。 三、如果东西丢了好长时间,你不确定是否丢失在机场怎么办。 这里提供一个小建议——寻找对方机场的微博,扫一扫最近丢失物品的信息,说不定有意外收获。 四、其他建议 丢东西这件事很麻烦,对一些丢失物品的补充措施我这里写一下: 储蓄卡——必须到柜台挂失 信用卡——可以电话联系客服直接挂失 身份证——1.立即到派出所挂失;2.在网上发表一份证明(表明自己身份证丢失的时间证据);3.联系报社,登报声明(这是相对来说最有法律效益的行为了)","如您上网较多,推荐您选择中国联通冰激凌套餐,流量放心用,九十九元/月、一百二十九元/月、一百九十九元/月、三百九十八元/月供您选择,以山东联通畅爽冰激凌九十九元档为例:月通信费九十九元,国内语音三百分钟,超出后0.15元/分钟,国内流量放心用,每月前二十GB提供四G网速,超过后上网速度降至最高一Mbps,来电显示、国内接听免费,短彩信0.1元/条。详情可登陆中国联通网厅、手厅、营业厅咨询办理。","需要出示买过的商品,检查商品上是否有退税购物标志。这指的是在国外机场免税商店购物可享受它的退税优惠待遇:请注意商店里是否有蓝白灰三色的退税购物(TAX FREE SHOPPING)专用标志。在欧洲共有二十二万多家退税商店遍布机场和市内,每天平均有逾二十二,零顾客享受到我们的服务。请务必向这些加盟商店索取您的退税支票。正确填写相应表格可以确保您及时获得退税。如果商店的全球退税支票(Global Tax Free Cheque)首联是蓝色的,则可以现金方式退税;如果是绿色的,则只能以邮寄银行支票或信用卡划账的形式退税。请在上用西方文字(英文为宜)填写您的详细邮寄地址(含邮编),或填写您有效国际信用卡的卡号,并用我公司提供的邮资已付的信封寄回支票发出国的GLOBAL REFUND分公司。我们将会尽快将增值税退回给您。欧洲各国的退税率因国而异,可退税的最低购物金额(即,同一顾客在同一家商店一天之内的购物总额)也不尽相同。您的退税款额将是扣除手续费后的增值税金额。全球退税支票(Global Refund Cheque)必须是购物当月加上一到三个月之内离开欧洲时,由海关盖章后方可生效。离开欧洲最一站的海关盖章是唯一可以退税单有效的法律手续,对于中国旅游者而言,只要在欧洲海关检验商品盖章后,在旅游目的国或回国都是可以退税的。简而言之,如果在欧洲购物准备退税,请注意:“要退税,一定要目的国海关盖章”。欧洲关盖章后,您回到北京、上海、广州、香港的指点退税点均可退税,在北京、上海、广州现金退税的币种只能为美元,在香港只能为港币,且只能按退税支票上金额四舍五入后的整数金额退税。"
"按照您的要求,就算租车公司愿意提供一日的租车服务,收费也不低的,再说,租车公司都要收违章保证金的,一般押二千元,一个月之后退还。并且,异地取车还车是要收取费用的,建议您租一辆带司机的,也贵不了多少。带司机的话,不要交押金,不要押一个月违章保证金,驾驶过程中的风险又租车公司承担。","估计长沙黄花机场的小车过夜停车价格是五十至一百元一天吧?时间长点的一般都不会选择机场停车场,在航站楼附近有一家“红利停车场”是专供小车过夜停车的应该是机场附近距离最近的大型停车场了。你可以咨询下,我停过几次。","一、贵宾休息室与普通候机室最大的差别就是在于贵宾室可以无限畅饮,有免费餐食,至于餐食的水准还是要视具体的运营商,对于土豪航空公司的自助餐就不用多少说,那必须是很赞的。二、很多VIP贵宾室有单独的安检通道,可以优先登机,在上下飞机还有专门的小车接送,不用和大队人马一起排队。三、对于那些长时间延误或者要过夜转机的朋友来说,贵宾室绝对是一种享受,有地方淋浴,有个地方能够舒舒服服的坐着或者躺着刷刷朋友圈,无疑是雪中送炭的服务。机场的贵宾休息室一般分为三类:第一类就是航空公司自建的休息室,一般是为了两舱或者自己的精英会员提供服务。比如东航在上海、北京、青岛等机场都有自己的休息室。第二类就是机场自营的休息室,为那些在本场没有自建休息室的航空公司提供两舱服务,比如在虹桥机场如果乘坐吉祥航空的两舱,进的就是虹桥V一休息室,虹桥机场的自营休息室。第三类则是由第三方运营的休息室,这些休息室一般都是由某些公司,比如银行、电信等在机场内租赁一块场地自己办的,面向的客户主要是自己公司的高端客户。扩展资料:一、机场休息室的类别:机场休息室一般分为三类。(一)第一类要客休息室,给省部级或者当地政府规定的接待客人使用,部分享受单独安检通道、随员不限。不论是否接廊桥都单独小车接送、专人引导、定点餐食、各种免费饮料、电视、Wi-Fi、报纸杂志等服务,同时休息室内也提供改签、挑换座位等航空公司的服务。算是休息室服务中级别最高、服务最好的。(二)第二类高舱休息室,主要是给航空公司高舱(头等舱、公务舱、高端经济舱)以及高端会员(一般都是第三级别会员,如国航只给金卡会员以上)提供候机服务的。这一类休息室大部分在隔离区里,因此大部分不包含独立的安检,提供的服务次于要客休息室。但基本包括电视、报纸、杂志、Wi-Fi、小吃、饮料,航空公司基地站的自营休息室水平较高甚至包括淋浴间、睡眠室、独立吸烟室、独立休息室、按摩室,餐食也相对好一些。更重要的是航空公司自营休息室可以提供改签、改座位、候补等航司服务,你不用奔波于柜台和休息室两边反复安检。(三)第三类则是银行卡、商旅卡休息室,这类中银行卡较为高端,大型航站的银行卡休息室提供的服务堪比要客。有些设立在隔离区外为用户提供头等舱安检、小车接送服务,其他服务方面好的很好,差的地板就是航空公司代办水平,很多银行卡休息室在小航站就是代办休息室当然也是商务卡休息室。"
"无陪儿童服务一般需要旅客购买无陪儿童机票且向相应航司申请无陪儿童服务。没有任何证件的无陪儿童买机票与航空公司营业部联系,如果买到UM票。可以办理无陪。旅客可凭无陪申请单到机场联系八千四百七十九万七千三百七十三办理相关手续;如果是南航航班,可以到A岛问询柜台咨询工作人,或者咨询八千四百七十九万九千三百三十三。","国航五-十八岁的未成年人都可以申请无陪服务,五-十二岁免费,十二-十八岁的如果需要无陪服务,需收取二百元每人每次的服务费。","无成人陪伴儿童:是指年龄五周岁(含)至十二周岁(不含)的无成人陪伴的、单独乘机的儿童。五周岁以下的无成人陪伴儿童原则上不予接受;无陪儿童服务一般需要旅客购买无陪儿童机票且向相应航司申请无陪儿童服务。没有任何证件的无陪儿童买机票与航空公司营业部联系,如果买到UM票。可以办理无陪。旅客可凭无陪申请单到机场联系八千四百七十九万七千三百七十三办理相关手续;如果是南航航班,可以到A岛问询柜台咨询工作人,或者咨询八千四百七十九万九千三百三十三。送机的无陪儿童家长一般要求留在机场,直到飞机起飞才可以离开。若小孩已过安检,或者已经登机,航班延误时间较长还未起飞,家长担心小孩状况的情况下,可以让家长拨打八千四百七十九万七千三百七十三咨询。如果是南航航班,可以到A岛问询柜台咨询工作人,或者咨询八千四百七十九万九千三百三十三。为无成人陪伴儿童办理乘机手续,座位安排应根据以下原则:安排在便于指定的随机服务员或乘务员照料的适当位置;靠近机上厨房,最好是过道座位;若有可能,与其他旅客分开座位;若座位满座,应安排与女乘客一起的座位;不得安排在紧急出口的座位。国航五-十八岁的未成年人都可以申请无陪服务,五-十二岁免费,十二-十八岁的如果需要无陪服务,需收取二百元每人每次的服务费。厦航无陪服务长沙受理点:1.市内售票处(长沙市芙蓉中路二段一百三十六号)TEL:八千五百一十六万八千二百六十八/八千五百五十六万五千七百七十七2.厦航机场售票柜台(长沙黄花国际机场T二航站楼国内出发厅一号和二号门之间)"
"长沙航空口岸正式开办签证业务,这意味着今后外国人来湖南可以直接在长沙黄花国际机场办理落地签证。","来长沙的外国人只要符合入境条件,持邀请函电及有关材料,便可在黄花国际机场口岸入境时在湖南省公安厅人口与出入境管理局口岸签证处申办签证,持该签证可在我国境内活动,并可从全国任一对外开放口岸出境","如果旅客是长沙到香港的航班,持L签可以自由行出发。"
"e.临时登机证明可以提前来机场办理,在证明上标明有效期即可,在有效期以内都可以使用。","二、自助值机柜台只能刷二代身份证办理登机手续,若用其他有效证件购票,须手动输入相应有效证件的号码。自助值机终端无法办理有绑定婴儿旅客的其他旅客的登机牌。","黄花机场机公安办理临时乘机证明的位置:T二航站楼安检十六号通道边设有办理柜台旅客由于特殊原因无法提供有效证件,可通过以下方式办理临时乘机证明。a.需要办理临时登机证明的旅客,可到T二航站楼始发层十六号号安检口附近公安执勤点办理。b.异地机场开具的,有标注有效期的临时乘机证明,在有效期内可以在长沙机场直接使用。c.部分地区停止开具户籍证明,改开常住人口基本信息,同样为A四纸打印,有统一格式,内容有照片、户籍信息、户籍公章,效力等同于户籍证明。d.	证件只认可扫描件、复印件以及传真件,用手机拍照下来的或是拍照下来后打印出来的不认可,拍照之后打印出来的能够证明身份的证件,可以在公安执勤点换取临时乘机证明。e.临时登机证明可以提前来机场办理,在证明上标明有效期即可,在有效期以内都可以使用。f.没有公章的常住人口信息和一个有公章的接警证明(有各类信息没有照片)可以换到临时登机证明。g.如果儿童未上户,公安在系统中查询不到其户籍信息,凭出生证明等证件也无法开具临时乘机证明。十二周岁以下儿童乘机可以凭户口本,出生证明原件或者复印件。h.12岁以下儿童或婴儿无法提供任何纸质证明,家人也不清楚孩子的任何证件号码,如果已经上户且为湖南省内户口,机场公安办可以根据父母的信息调取孩子的信息,如查实真实有效,可以开具临时登机证明。i.	符合办理《临时身份证明》的旅客(现役军人除外)须提供户口本或驾驶证、社保卡、暂住证(居住证)、工作证、介绍信,或过期的身份证、护照、《临时身份证明》等任一项身份证明材料(原件或复印件)及两张本人近期一存证件照片。j.	无法提供上述身份证明材料的,有其他能够证明其身份的书面材料,申请人应如实提供本人姓名、身份证件号、户籍所在地、家庭住址、同户籍亲属人员情况等相关信息,k.现役军人申请《临时身份证明》,应当提供所在单位保卫或政府部门出具的介绍信原件,经机场公安机关查验无误后签发《临时身份证明》l.根据湖南物价局规定,收取三十元办证服务费。m.《临时身份证明》仅限于中华人民共和国国籍(不含港澳台)旅客乘坐国内民航飞机时作为有效乘机证明使用,不得作为其他用途。n.临时乘机证明不能代办,必须本人办理。长沙机场办理临时乘机证明有效期最短为七天,最长为十五天,一次性乘机。办理时间一般为五-十分钟/人,具体要看现场操作及排队情况。o.  《临时身份证明》式样统一,在全国民用航空运输机场(不含港澳台)通用、有效。"
"首先,能否进贵宾厅休息,看您是否满足条件。例如:一、机票购买的时候附带了,就可进机场贵宾厅。二、您是属于某机构(航公司钻石客户)的某一个等级客户,正好该机构在机场提供贵宾厅服务给这个等级的客人。","逾重行李费发票是由航空公司提供的,旅客只能在现场开收据,手写加盖章,可以报销,一旦丢失不能补办。如果客人反映无法报销,需要客人联系航空公司客服,由航空公司开报销凭据并邮寄,邮费到付。另外C岛前台交逾重行李费的柜台可以为旅客提供打印和复印服务,A四黑白打印、复印一元,收发传真二元、彩印十元。上班时间五:三十-二十三:零,联系电话:八千九百九十八万一千七百八十八(不对外提供)。","逾重行李费发票是由航空公司提供的,旅客只能在现场开收据,手写加盖章,可以报销,一旦丢失不能补办。如果客人反映无法报销,需要客人联系航空公司客服,由航空公司开报销凭据并邮寄,邮费到付。另外C岛前台交逾重行李费的柜台可以为旅客提供打印和复印服务,A四黑白打印、复印一元,收发传真二元、彩印十元。上班时间五:三十-二十三:零,联系电话:八千九百九十八万一千七百八十八(不对外提供)。海航飞伦敦的国际航班逾重行李费由国内逾重行李柜台代收,一般国际航班的逾重行李费由代办现场收取"
"长沙航空口岸正式开办签证业务,这意味着今后外国人来湖南可以直接在长沙黄花国际机场办理落地签证。",交通违规处罚:黄花机场交通违法处理二千零一十三年三月一日起可在长沙就近办理,长沙黄花国际机场巴士时刻表
"一、向国际旅行者和社团出境人员宣传国际旅行保健知识,帮助其了解前往国家和地区传染病流行情况。二、对患有艾滋病、精神病、性病和开放性肺结核的外国人和禁止入境的动植物及其产品实施监护出境。三、出入境人员有哪些情况其本人或其监护人应主动向检疫医师申报?出入境人员有下列情况之一者,其本人或其监护人应主动向检疫医师申报:有发热、呼吸困难、呕吐、腹泻等症状。患有传染性疾病或者精神病。携带微生物、人体组织、生物制品、血液及其制品、动植物及其产品等物品的出入境人员。哪些情况下检验检疫工作人员需要查验“预防接种证书”(黄热病、霍乱及其他)?前往或途径检疫传染病流行疫区的旅客;旅客前往国家对国际旅行预防接种有要求的。来自黄热病疫区,但没有“预防接种证书”怎么办?对于无证者或无有效证件者,应到定点的国际旅行卫生保健中心予以黄热病预防接种并发给证书。哪些情况下检验检疫工作人员需要查验“健康证书”?申请出国一年以上的中国籍旅客。在哪些情况下检验检疫机构实行检疫健康书面申报制度,要求出入境人员填报《出/入境人员检疫健康申明卡》?下列紧急情况下,各局根据总局发布的公告,实行检疫健康书面申报制度,要求出入境人员填报《出/入境人员检疫健康申明卡》:世界卫生组织(WHO)针对国际关注的突发公共卫生事件,发布临时或长期建议的。境外发生重大传染病疫情和突发公共卫生事件,经总局评估属于传入高风险等级的。境内发生重大传染病疫情和突发公共卫生事件时,可能造成国际间传播的。哪些人员需要实行艾滋病和性病监测?在国外居住三个月以上的中国籍人员(海员、劳务等重点人群)需要实施艾滋病和性病监测。国内外发生重大疫情时,和平常出入境会有哪些不同?国内外发生重大传染病疫情时,由国家质检总局发布对出入境交通工具和人员及其携带物采取临时性检验检疫强制措施的公告,来自疫区的交通工具必须在指定的地点停靠;出入境人员必须逐人如实填报《出入境检疫健康申明卡》,并由检验检疫专用通道通行;出入境人员携带物必须逐件通过X光机透视检查。对疑似染疫人员、患有传染性疾病或精神病的人员,检疫官员将实行体温复查、医学检查等措施;对可能传播传染病的出入境人员携带物,检疫官员将采取相应的处理措施,防止疫病疫情传播。疫情解除后,由国家质检总局发布恢复常态管理的公告。什么情况下口岸检验检疫机构会对旅客开展医学排查?如果旅客出现以下情况,检疫医师需要对旅客开展医学排查:传染病相关症状体征的;与确诊传染病人有密切接触史的;医学巡查中发现可疑神态、病容、体征和症状的;体温≧37.5℃的;发生国际关注突发公共卫生事件时,来自受染地区的。医学排查的内容有哪些?包括流行病学调查、体格检查、实验室检查,请配合检疫医师填写《出入境人员流行病学调查表》和《口岸现场医学检查记录》。何时需要洗手?接触传染病可疑病例前后;接触血液、体液、排泄物、分泌物和被污染的物品后;穿戴防护用品前、脱掉防护用品后;从污染操作转为清洁操作之间;戴手套之前,摘手套之后。何时需要对手进行消毒?对手消毒的要求:接触可疑病例之后;接触感染的伤口和血液、体液、排泄物和分泌物之后;接触被呼吸道传染病病毒污染的物品之后。手消毒的方法有哪些?手消毒可用0.3%~0.5%碘伏消毒液或快速手消毒剂(异丙醇类、洗必泰、新洁尔灭、七十五%酒精等消毒剂)揉搓作用一分钟至三分钟。使用符合N九十五或FFP二标准的口罩使用时应注意的事项?每次使用时,先行检查,以确保口罩紧贴面部并覆盖口鼻,将双手置于口罩上,检查呼吸是否顺畅,如果鼻子周围漏气,调整鼻梁部位,重新检查。发生国际关注的呼吸道传染病疫情时,哪些旅客会被判定为密切接触者?可疑病例座位的同排和前后三排座位的旅客以及在上述区域内提供客舱服务的乘务员。发生国际关注的呼吸道传染病疫情时,哪些旅客会被判定为一般接触者?民用航空器内除了密切接触者之外的其他人员。旅客出现哪些症状时,会被高度怀疑为非典型肺炎疑似病例?以发热为首发症状,体温一般高于三十八℃;可伴有头痛、关节酸痛、肌肉酸痛、乏力、腹泻;常无上呼吸道卡他症状;可有咳嗽,多为干咳、少痰,偶有血丝痰;可有胸闷,严重者出现呼吸加速,气促,或明显呼吸窘迫。肺部体征不明显时,应高度怀疑其为非典型肺炎疑似病例。旅客出现哪些症状时,会被高度怀疑为人感染高致病性禽流感疑似病例疑似病例?温大多持续在三十九℃以上,可伴有流涕、鼻塞、咳嗽、咽痛、头痛、肌肉酸痛和全身不适。可有恶心、腹痛、腹泻、稀水样便等消化道症状,有临床表现明显的肺炎或肺部实变体征时,应高度怀疑其为人感染高致病性禽流感疑似病例。","种子、苗木及其它繁殖材料、烟叶、粮谷、豆类(入境前须事先办理检疫审批手续);鲜花、切花、干花;植物性样品、展品、标本;干果、干菜、腌制蔬菜、冷冻蔬菜;藤、柳、草、木制品;犬、猫等宠物入境规定:每人限带一只,须持有狂犬病免疫证书及出发地所在国或者地区官方检疫机构出具的检疫证书,入境后须在检验检疫机构指定的地点隔离检疫三十天,隔离采取七+二十三模式,即在机场过关时由检验检疫提供相关资料,旅客自行带资料与宠物前往省检验检疫局,在省检隔离七天,再在主人家中隔离二十三天。7.特需进口的人类血液及其制品、微生物、人体组织及生物制品。8.如您携带了以上物品,应主动向检验检疫机关申报并接受检疫。","一、活动物(犬、猫除外),包括所有的哺乳动物、鸟类、鱼类、两栖类、爬行类、昆虫类和其他无脊椎动物,动物遗传物质。(生或熟)肉类(含脏器类)及其制品;水生动物产品。动物源性奶及奶制品,包括生奶、鲜奶、酸奶,动物源性的奶油、黄油、奶酪等奶类产品。蛋及其制品,包括鲜蛋、皮蛋、咸蛋、蛋液、蛋壳、蛋黄酱等蛋源产品。燕窝(罐头装燕窝除外)。油脂类,皮张、毛类,蹄、骨、角类及其制品。动物源性饲料(含肉粉、骨粉、鱼粉、乳清粉、血粉等单一饲料)、动物源性中药材、动物源性肥料。新鲜水果、蔬菜。烟叶(不含烟丝)。种子(苗)、苗木及其他具有繁殖能力的植物材料。有机栽培介质。菌种、毒种等动植物病原体,害虫及其他有害生物,细胞、器官组织、血液及其制品等生物材料。动物尸体、动物标本、动物源性废弃物。土壤转基因生物材料。国家禁止进境的其他动植物、动植物产品和其他检疫物。通过携带或邮寄方式进境的动植物及其产品和其他检疫物,经国家有关行政主管部门审批许可,并具有输出国家或地区官方机构出具的检疫证书,不受此名录的限制。具有输出国家或地区官方机构出具的动物检疫证书和疫苗接种证书的犬、猫等宠物,每人仅限一只。"
票价:长沙磁浮快线采用区段计价票制。磁浮高铁站—磁浮机场站:二十元/人;磁浮机场站—磁浮㮾梨站十元/人;磁浮㮾梨站—磁浮高铁站十元/人。,长沙黄花国际机场巴士时刻表,"运营时间:磁浮高铁站至磁浮机场站计划运营时长十九分三十秒,行车间隔十一分四十秒,磁浮高铁站、磁浮机场站停站时间为五分钟,磁浮㮾梨站停站时间四十秒。运营时间-- 高铁站出发:七:零——二十二:零;机场站出发:七:零——二十二:三十。磁浮到航站楼电瓶车运行时间:七:零-二十二:三十。"
长沙黄花国际机场巴士时刻表,"长沙航空口岸正式开办签证业务,这意味着今后外国人来湖南可以直接在长沙黄花国际机场办理落地签证。",2.厦航机场售票柜台(长沙黄花国际机场T二航站楼国内出发厅一号和二号门之间)
"航班延误不论什么原因,目前大部分航司都支持免费退改签,若旅客行程紧急,可建议旅客前往航司相应柜台改签,退票需要联系原售票处,目前大部分航司都支持网上下载航班延误证明。","旅客值机后航班延误需要取消行程办理退票,若旅客还在机场可到原值机柜台退回登机牌,再联系原售票处办理退票,若已经离开机场,可不退回登机牌,旅客客票状态会在飞机起飞后自动变回未使用,建议旅客次日再联系售票处办理退票,若旅客客票状态一直未值机状态不能退票,客服人员可记录旅客客票信息再联系值机取消。","航班延误分为临时延误以及计划性延误,临时延误的航班一般由机械故障、流量控制、天气原因等不可控因素引起,航班变动信息由机场临时通知,建议旅客按原计划时间到机场办理乘机手续,旅客在现场可通过关注机场广播以及航显屏了解航班最新动态。计划性延误一般由航司原因引起,如销售政策,航线调整等,航司会提前发布延误信息,旅客可按照航司更新后的信息办理乘机手续。航班延误赔偿以及酒店安排机场地面只负责协调由航司统一安排,旅客咨询相关事宜可联系航延小组了解航班具体安排。航班延误后第二天有补班的情况,以下规定是区分第二天针对前一天哪个航班的补班:第二天补班的航班号最后一位数是英文字母,英文字母对应不同的数字就是前一天延误的航班号的最后一位数航班延误不论什么原因,目前大部分航司都支持免费退改签,若旅客行程紧急,可建议旅客前往航司相应柜台改签,退票需要联系原售票处,目前大部分航司都支持网上下载航班延误证明。旅客值机后航班延误需要取消行程办理退票,若旅客还在机场可到原值机柜台退回登机牌,再联系原售票处办理退票,若已经离开机场,可不退回登机牌,旅客客票状态会在飞机起飞后自动变回未使用,建议旅客次日再联系售票处办理退票,若旅客客票状态一直未值机状态不能退票,客服人员可记录旅客客票信息再联系值机取消。"
"长沙黄花机场T一航站楼,二千零一十八年五月十六日刚恢复启用;T一和T二 分别位于磁浮机场站的两边,T一 在北,T二 在南。T一、T二航站楼安检区外通过磁浮连廊实现互相连通 (步行八分钟)。您也可以乘坐电瓶车往返T一与T二航站楼之间(四分钟)。",2.厦航机场售票柜台(长沙黄花国际机场T二航站楼国内出发厅一号和二号门之间),黄花机场机公安办理临时乘机证明的位置:T二航站楼安检十六号通道边设有办理柜台
"长沙航空口岸正式开办签证业务,这意味着今后外国人来湖南可以直接在长沙黄花国际机场办理落地签证。",交通违规处罚:黄花机场交通违法处理二千零一十三年三月一日起可在长沙就近办理,"去台湾必须出具往返程机票。如回程不直接回长沙,也要出具离开台湾去其他地方的行程单·"
长沙黄花国际机场巴士时刻表,"来长沙的外国人只要符合入境条件,持邀请函电及有关材料,便可在黄花国际机场口岸入境时在湖南省公安厅人口与出入境管理局口岸签证处申办签证,持该签证可在我国境内活动,并可从全国任一对外开放口岸出境","长沙航空口岸正式开办签证业务,这意味着今后外国人来湖南可以直接在长沙黄花国际机场办理落地签证。"
"一、去降落机场的“失物招领”柜台。 (失物招领一般和机场的行礼寄存在一起,因为两者都需要储物空间)。 这里要说明,招领台的服务人员会让你提供你丢失物品的时间、航班号、以及你回忆的可能丢失物品的位置,方便工作人员查找。 二、如果你觉得丢失在始发站,你需要拨打电话。 如果降落机场未找到,而且你觉得可能是在始发机场丢失的,就需要打电话到始发机场的失物招领处的电话。 这里推荐在网站上搜索“**机场 失物招领”,方便你找到对应电话号。 三、如果东西丢了好长时间,你不确定是否丢失在机场怎么办。 这里提供一个小建议——寻找对方机场的微博,扫一扫最近丢失物品的信息,说不定有意外收获。 四、其他建议 丢东西这件事很麻烦,对一些丢失物品的补充措施我这里写一下: 储蓄卡——必须到柜台挂失 信用卡——可以电话联系客服直接挂失 身份证——1.立即到派出所挂失;2.在网上发表一份证明(表明自己身份证丢失的时间证据);3.联系报社,登报声明(这是相对来说最有法律效益的行为了)","去台湾必须出具往返程机票。如回程不直接回长沙,也要出具离开台湾去其他地方的行程单·","到达目的地再看大屏幕。一、飞机到港以后下飞机,飞机场有指示,上面写着到达大厅,行李提取。二、按指示走,到了到达大厅,就会有行李提取处,一般就是一个转盘,上面有电子显示牌上面写着哪个航班在这里取行李,你找到你那个航班取行李的转盘,等着,一会转盘就会动了,行李就出来了,你看到自己的行李拿下来就可以。三、出机场的时候有工作人员会查对你行李票上的票号和行李上的票号是否一样,这个主要是怕乘客拿错行李,你行李票一般是在办理登机牌的时候贴在登机牌上的。"
"一、去降落机场的“失物招领”柜台。 (失物招领一般和机场的行礼寄存在一起,因为两者都需要储物空间)。 这里要说明,招领台的服务人员会让你提供你丢失物品的时间、航班号、以及你回忆的可能丢失物品的位置,方便工作人员查找。 二、如果你觉得丢失在始发站,你需要拨打电话。 如果降落机场未找到,而且你觉得可能是在始发机场丢失的,就需要打电话到始发机场的失物招领处的电话。 这里推荐在网站上搜索“**机场 失物招领”,方便你找到对应电话号。 三、如果东西丢了好长时间,你不确定是否丢失在机场怎么办。 这里提供一个小建议——寻找对方机场的微博,扫一扫最近丢失物品的信息,说不定有意外收获。 四、其他建议 丢东西这件事很麻烦,对一些丢失物品的补充措施我这里写一下: 储蓄卡——必须到柜台挂失 信用卡——可以电话联系客服直接挂失 身份证——1.立即到派出所挂失;2.在网上发表一份证明(表明自己身份证丢失的时间证据);3.联系报社,登报声明(这是相对来说最有法律效益的行为了)","去台湾必须出具往返程机票。如回程不直接回长沙,也要出具离开台湾去其他地方的行程单·","到达目的地再看大屏幕。一、飞机到港以后下飞机,飞机场有指示,上面写着到达大厅,行李提取。二、按指示走,到了到达大厅,就会有行李提取处,一般就是一个转盘,上面有电子显示牌上面写着哪个航班在这里取行李,你找到你那个航班取行李的转盘,等着,一会转盘就会动了,行李就出来了,你看到自己的行李拿下来就可以。三、出机场的时候有工作人员会查对你行李票上的票号和行李上的票号是否一样,这个主要是怕乘客拿错行李,你行李票一般是在办理登机牌的时候贴在登机牌上的。"
"一、登录国家质检总局网站(http://www.aqsiq.gov.cn/)“卫生检疫”专栏,或者登录湖南出入境检验检疫局网站(http://www.hnciq.gov.cn/)“保健中心”专栏进行查询;","旅客用台胞证拼音购买机票,登机牌只能是大陆版本拼英,请旅客在办值机的时候与值机说清楚情况请值机在登机牌上盖章,否则安检会阻拦。","如果旅客使用护照购买了国内转国际的联程机票,可以建议旅客请原售票点在国内段备注身份证号码;如无法备注可以使用护照复印件和身份证从长沙机场乘机前往转机地。"
长沙黄花国际机场巴士时刻表,"长沙航空口岸正式开办签证业务,这意味着今后外国人来湖南可以直接在长沙黄花国际机场办理落地签证。",2.厦航机场售票柜台(长沙黄花国际机场T二航站楼国内出发厅一号和二号门之间)
"目前,境外旅客凭销售发票和购物离境退税申请单,就可以直接在长沙黄花国际机场、张家界荷花国际机场进行海关验核后办理退税。","可以北京首都国际机场,下飞机后是可以去免税店的,但是只能在下飞机的航站楼购物。免税店一般不在外面,都是在里面候机大厅或者刚到达的那个区域,没有办理机票值机的话,无法进入那个区域的。假如你在T二下飞机,就只能在T二的免税店买东西了。记得,下了飞机一定要找到免税店,不要先出关,如果出来了,就无法再进去了,也就买不了东西了。","可以北京首都国际机场,下飞机后是可以去免税店的,但是只能在下飞机的航站楼购物。免税店一般不在外面,都是在里面候机大厅或者刚到达的那个区域,没有办理机票值机的话,无法进入那个区域的。假如你在T二下飞机,就只能在T二的免税店买东西了。记得,下了飞机一定要找到免税店,不要先出关,如果出来了,就无法再进去了,也就买不了东西了。"
"估计长沙黄花机场的小车过夜停车价格是五十至一百元一天吧?时间长点的一般都不会选择机场停车场,在航站楼附近有一家“红利停车场”是专供小车过夜停车的应该是机场附近距离最近的大型停车场了。你可以咨询下,我停过几次。","黄花机场停车场设有两处车辆集中停放区域,分别为T一、T二航站楼停车场。(T一航站楼停车场于二千零一十八年五月十六日重新启用)","黄花机场停车场设有两处车辆集中停放区域,分别为T一、T二航站楼停车场。(T一航站楼停车场于二千零一十八年五月十六日重新启用)"
"一、目前,只实现了湖南省内公民的电子身份证在长沙黄花国际机场过安检,其他省份的会陆续开放。","长沙航空口岸正式开办签证业务,这意味着今后外国人来湖南可以直接在长沙黄花国际机场办理落地签证。",交通违规处罚:黄花机场交通违法处理二千零一十三年三月一日起可在长沙就近办理
"目前,境外旅客凭销售发票和购物离境退税申请单,就可以直接在长沙黄花国际机场、张家界荷花国际机场进行海关验核后办理退税。",长沙黄花国际机场巴士时刻表,"长沙航空口岸正式开办签证业务,这意味着今后外国人来湖南可以直接在长沙黄花国际机场办理落地签证。"
"一般的不具危险性的动物才可以货运。蛇,蜥蜴之类的不接受。其中海航不接受活物运输。","要客服务:携带中科院院士证及其它可以证明VIP身份证件的旅客,可直接到B三十九柜台出示相关证件可享受要客服务,专人引领使用VIP专用安检通道,引领至隔离区内靠近登机口的贵宾室休息候机。","9.充电型暖手宝,填充物为液体的不可以携带与托运;固体暖手饼不可以随身携带,如果旅客要求办理托运,须到现场经过安全检测后,确定非易燃易爆物品才可以办理。"
"长沙航空口岸正式开办签证业务,这意味着今后外国人来湖南可以直接在长沙黄花国际机场办理落地签证。",长沙黄花国际机场巴士时刻表,"来长沙的外国人只要符合入境条件,持邀请函电及有关材料,便可在黄花国际机场口岸入境时在湖南省公安厅人口与出入境管理局口岸签证处申办签证,持该签证可在我国境内活动,并可从全国任一对外开放口岸出境"
"二、自助值机柜台只能刷二代身份证办理登机手续,若用其他有效证件购票,须手动输入相应有效证件的号码。自助值机终端无法办理有绑定婴儿旅客的其他旅客的登机牌。","i.	符合办理《临时身份证明》的旅客(现役军人除外)须提供户口本或驾驶证、社保卡、暂住证(居住证)、工作证、介绍信,或过期的身份证、护照、《临时身份证明》等任一项身份证明材料(原件或复印件)及两张本人近期一存证件照片。","五、办理值机手续时,出示该电子身份证给值机员目测即可"
"出国旅游的话首先就是需要办理签证: 办理签证:(需要护照、照片、身份证和户口本复印件、单位证明、在职证明、经济能力证明等等申请必须材料,目的地国家不同,所需的资料并非全部需要上述证明材料!)例如:东南亚国家签证提供护照和照片就可办理。 办理东南亚签证需要一-三工作日 办理日本韩国签证需要五-七工作日 亚洲其他国家签证需要七-十工作日 欧洲签证通常各使馆审核时间需要五工作日,但需要提前预约。(长三十天预约期,短则一—二天) 美国加拿大签证一个工作日就可知道结果,但是需要提前一个月预约面试。 非洲签证则需要七—十五工作日,如:埃及、南非、坦桑尼亚,肯尼亚等所需工作日相比则较短。 答案补充 首先你拿户口本、身份证与二张大一寸蓝底照片到人民出入境事务处办理一个因私个人护照,费用约二百元 收到护照后,到大型旅行社代办你想去国家的签证,国家也不同签证费用不同,通常二百-五百元左右。但不一定会签证成功,有些国家需要提交人个收入纪录和家庭背景资料才可以办理审批。 最后一点也是最重要的一点,如果你到美国或日本等未对中国开放旅游协定的国家,必须向旅行社交纳押金,由数万元至数十万不等,提防偷渡。机场有A B C三个候机楼,国内航班到达只可能是A楼和C楼,A楼的话出行李有两个出口,从东边出口出来的话左手边就是大巴车票销售点,前方五米就是大巴站。如果C楼到达的话,走出C候机楼从外面便道步行到A楼这边来买票上车,朝东边走就行了。乘大巴的地方也有正规的士,还有拉客的黑的士,最好别搭理。说的这么详细给点鼓励啦~机场有A B C三个候机楼,国内航班到达只可能是A楼和C楼,A楼的话出行李有两个出口,从东边出口出来的话左手边就是大巴车票销售点,前方五米就是大巴站。如果C楼到达的话,走出C候机楼从外面便道步行到A楼这边来买票上车,朝东边走就行了。乘大巴的地方也有正规的士,还有拉客的黑的士,最好别搭理。说的这么详细给点鼓励啦~你在申请特殊旅客服务的时候,在那个页面里有一个审核查询的选项,你到时候申请就可以直接查询申请状态,或者咨询东航的客服都可以。","凭有效中国护照和新加坡签证,或具有签证效力的证件办理边检手续。","中转前往国外的:应持有效中华人民共和国护照及有效第三国签证。持因公类护照,前往免办证或办理落地签证国家的,应同时持有《出(国)境证明》。"
"老人对于飞行的适应力和耐受力往往较差,如果老人需要单独坐飞机时可以申请无陪护服务,申请无陪护服务方法:一、订票时向航空公司直属售票处提出申请,二、直接拨打客服热线电话说明。部分航空公司针对老人单独出行有无陪老人服务,各地机场会有差异,如需办理,建议直接通过航司官方平台订票(官方客服电话,航空公司直属营业厅),购票同时申请无陪老人服务,如申请成功,直接带老人到机场办理相关手续即可由工作人员指引老人乘机、下机。具体情况以出发机场提前核实为准。航空公司提供的这个服务都是免费的,和机票价格是否打折没有任何关系,乘机前只要确定申请好就可以了。扩展资料《中国民用航空旅客、行李国际运输规则》已经一千九百九十七年十二月八日中国民用航空总局局务会议通过,现予公布,自一千九百九十八年四月一日起施行。第二十九条 承运人可以安全原因,或者根据其规定认为属下列情况之一的,有权拒绝运输旅客及其行李,由此给旅客造成的损失,承运人不承担责任:   (一)为遵守始发地、经停地、目的地或者飞越国家的法律及其他有关规定;   (二)旅客的行为、年龄、精神或者健康状况不适合旅行,或者可能给其他旅客造成不舒适,或者可能对旅客本人或者其他人员的生命或者财产造成危险或者危害;   (三)旅客未遵守承运人的有关规定;   (四)旅客拒绝接受安全检查;   (五)旅客未按规定支付适用的票价及有关费用;   (六)旅客未出示有效客票;   (七)旅客不能证明本人即是客票上""旅客姓名""栏内载明的人;   (八)旅客未出示有效的旅行证件;   (九)旅客可能在过境国寻求入境、旅客可能在飞行中销毁其证件或者旅客不按承运人要求将旅行证件交由机组保存。资料来源:中国民用航空局官网老年人乘坐飞机的规定","目前各个航空公司(除国航、深航、厦航、河北航、山东航、西藏航外)针对七十岁以上的老人乘机可以申请办理无陪老人服务(长沙始发海航航班不可办理无陪老人服务。但是如果旅客在现场柜台申请,年龄在七十岁以上,工作人员确实觉得老人身体没有问题,情况比较特殊,柜台会酌情考虑。不建议告知旅客。)但根据各航空公司规定,部分航空公司会要求老年旅客签署“航空运输免责单”;如有其他特殊情况或要求,旅客可以直接与航空公司联系。","老年旅客:是指年迈体弱,虽然身体并未患病但在航空旅行中需要他人帮助的老年人。老年旅客乘机首先要确认老人身体健康状况是否适应乘机,身体健康的老人有人陪同即可,建议带上医生诊断证明。如果老人身体健康状况欠佳或者无人陪同,建议旅客提前向航司申请,经航司同意后机场才能提供相应的服务。目前各个航空公司(除国航、深航、厦航、河北航、山东航、西藏航外)针对七十岁以上的老人乘机可以申请办理无陪老人服务(长沙始发海航航班不可办理无陪老人服务。但是如果旅客在现场柜台申请,年龄在七十岁以上,工作人员确实觉得老人身体没有问题,情况比较特殊,柜台会酌情考虑。不建议告知旅客。)但根据各航空公司规定,部分航空公司会要求老年旅客签署“航空运输免责单”;如有其他特殊情况或要求,旅客可以直接与航空公司联系。"
"老年旅客乘机首先要确认老人身体健康状况是否适应乘机,身体健康的老人有人陪同即可,建议带上医生诊断证明。如果老人身体健康状况欠佳或者无人陪同,建议旅客提前向航司申请,经航司同意后机场才能提供相应的服务。","老年旅客:是指年迈体弱,虽然身体并未患病但在航空旅行中需要他人帮助的老年人。老年旅客乘机首先要确认老人身体健康状况是否适应乘机,身体健康的老人有人陪同即可,建议带上医生诊断证明。如果老人身体健康状况欠佳或者无人陪同,建议旅客提前向航司申请,经航司同意后机场才能提供相应的服务。目前各个航空公司(除国航、深航、厦航、河北航、山东航、西藏航外)针对七十岁以上的老人乘机可以申请办理无陪老人服务(长沙始发海航航班不可办理无陪老人服务。但是如果旅客在现场柜台申请,年龄在七十岁以上,工作人员确实觉得老人身体没有问题,情况比较特殊,柜台会酌情考虑。不建议告知旅客。)但根据各航空公司规定,部分航空公司会要求老年旅客签署“航空运输免责单”;如有其他特殊情况或要求,旅客可以直接与航空公司联系。","贵宾休息室不可以直达飞机,只是登机时有专门车辆送到登机口,享受优先登机。各个机场都会有贵宾休息室,会额外提供比候机大厅更好一点服务(如提供沙发、免费饮料水果、免费上网、免费报刊、专人提醒登机等),还有优先登机,即享受如头等舱旅客同等的服务。"
"有三个国际贵宾厅,都在国际出发过安检后的左侧","孕妇旅客:是指已经怀孕但在预产期前四周乘坐飞机的准妈妈。怀孕八个月(三十二周)或不足八个月的孕妇,除医生诊断不适宜乘机外,可按一般旅客运输;孕妇乘机时需要携带诊断证明,内容包括孕妇姓名、年龄、孕期、健康状况等说明;如果旅客表示医院不愿开具证明的,建议旅客与航空公司联系,航空公司同意旅客乘坐即可;怀孕八个月(三十二周)以上的孕妇建议使用其他交通工具,航空公司会拒绝承运。安检门和检查设备都是符合国家安全标准的,旅客可以放心接受检查;它通过感应寄生电流及均化磁场的数字信号处理方式获得很高的分辨,但发射磁场厚度很低,对心脏起搏器佩带者、孕妇、体弱者、磁性媒质(U盘、信用卡等)和其他电子装置均无害,广大旅客通过安全门时尽可放心接受检查;如果孕妇旅客仍然担心安检仪器的辐射,可以现场申请手动检查。","一、目前,只实现了湖南省内公民的电子身份证在长沙黄花国际机场过安检,其他省份的会陆续开放。"
旅客网上值机选座后需要修改已选座位可乘机当日至人工值机柜台更改或联系原办理点进行修改。,"川航专车送机服务:如果您乘坐中午十二时前由成都出发的航班,需要在航班出发前一日的二十二时前进行电话预约,其余航班则至少需在航班起飞时刻四小时前进行预约;预约时请提供您的姓名、乘机日期、航班号和票价舱位,确定二环路内的上车地点并留下您的联系电话。","政务贵宾厅为预约服务,对口单位集团接待办。"
"零-二周岁香港或台湾婴儿,可凭任何证明其身份的证明(例如:出生证明、疫苗证明等)乘坐国内航班。","如果旅客购买长沙到上海转飞国际的机票,国内和国际段均为东航航班但是非联程航班,无法申请国内段行李额加重。","32. 婴儿的奶粉少量(一到两次食用的量)经机场安检部门检查确认后可以作手提行李携带,建议作托运行李携带。"
"到达目的地再看大屏幕。一、飞机到港以后下飞机,飞机场有指示,上面写着到达大厅,行李提取。二、按指示走,到了到达大厅,就会有行李提取处,一般就是一个转盘,上面有电子显示牌上面写着哪个航班在这里取行李,你找到你那个航班取行李的转盘,等着,一会转盘就会动了,行李就出来了,你看到自己的行李拿下来就可以。三、出机场的时候有工作人员会查对你行李票上的票号和行李上的票号是否一样,这个主要是怕乘客拿错行李,你行李票一般是在办理登机牌的时候贴在登机牌上的。","若旅客想取消行程但已经办理值机且有行李托运,需要联系原值机柜台或主任值机柜台取消值机并取出行李,并与值机工作人员先行确认已托运行李将会从超大超限行李口还是行李转盘处提取。","大厅的LED上会有航班号和对应的转盘号,按你的航班号找对应的转盘就可以了。机场行李托运具体有什么流程:操作方法一、首先进入机场找到相应的航空公司柜台办理托运,托运的物品超过二十kg要按规定收取费用,为了省钱尽量少带不必要的物品,以免超重。二、办理托运时,柜台人员会对你的行李进行安全检查,所以必须确定你的行李不要带打火机、白酒、小刀等违禁物品。三、下了飞机后跟着人群走,到达一个地方会看见许多人站在那里等着,停下来,找到你的飞机的航班所在的行李岛,等着你的行李出来,出来了直接拿走就行。四、如果不放心,还可以找个空旷的地方检查一下自己的物品是否完好。"
"到达目的地再看大屏幕。一、飞机到港以后下飞机,飞机场有指示,上面写着到达大厅,行李提取。二、按指示走,到了到达大厅,就会有行李提取处,一般就是一个转盘,上面有电子显示牌上面写着哪个航班在这里取行李,你找到你那个航班取行李的转盘,等着,一会转盘就会动了,行李就出来了,你看到自己的行李拿下来就可以。三、出机场的时候有工作人员会查对你行李票上的票号和行李上的票号是否一样,这个主要是怕乘客拿错行李,你行李票一般是在办理登机牌的时候贴在登机牌上的。","若旅客想取消行程但已经办理值机且有行李托运,需要联系原值机柜台或主任值机柜台取消值机并取出行李,并与值机工作人员先行确认已托运行李将会从超大超限行李口还是行李转盘处提取。","联程航班不需要重新安检,同个航司且已办妥两段登机牌的,行李在第一站直挂的,就不需要。如果没有联程,是中转航班,有些就需要。这个要看你具体行程和机场。"
"首都机场在六环内,外地车去首都机场要办进京证","P三停车场位于T二航站楼西南侧,大巴车车位六十七个;","三、目前机场开通的电子身份证使用安检通道,仅为T一的一号安检通道与T二的六号与十五号安检通道"
"如果旅客购买长沙到上海转飞国际的机票,国内和国际段均为东航航班但是非联程航班,无法申请国内段行李额加重。","外国人用护照购买国内航段的机票,护照名字按中国人的习惯姓在前名在后,买票时名在前姓在后,例如:护照是ZHOU MARK,订票时用的MARK  ZHOU,安检值机都没影响,不会影响乘机。","如果旅客使用护照购买了国内转国际的联程机票,可以建议旅客请原售票点在国内段备注身份证号码;如无法备注可以使用护照复印件和身份证从长沙机场乘机前往转机地。"
凭常旅客卡可进入头等舱休息室及免费行李额度:,"T一-三号头等舱休息室,位于十五号登机口旁;","T一-一号头等舱休息室,进安检后往左约一百米;"
黄花机场机公安办理临时乘机证明的位置:T二航站楼安检十六号通道边设有办理柜台,"n.临时乘机证明不能代办,必须本人办理。长沙机场办理临时乘机证明有效期最短为七天,最长为十五天,一次性乘机。办理时间一般为五-十分钟/人,具体要看现场操作及排队情况。","根据《民用航空安全检查规则》第三十一条用身份证买票持护照过检,原则上不予放行,可请旅客前往机场派出所开具临时乘机证明。"
除了海航的A舱和南航外的其他航空公司的折扣头等舱都可以享受地面贵宾厅服务。,"乐翔贵宾厅服务项目;国内国际客票销售、临时候补票;提供贵宾专用休息室、专用安检通道;专人接送机,代办出港值机手续;进港行李提取手续(超重行李费用自理);提供茶水、饮料、水果、点心、互联网服务;提供进出港航班信息;为远机位登机客人专用贵宾车。关于贵宾厅的现金服务的旅客,每个厅收费标准不同,若有需求可直接联系乐翔分公司营销部。隔离区外的送机服务只送到安检口,不送到登机口。政务贵宾厅为预约服务,对口单位集团接待办。商务贵宾厅停车场主要针对商务贵宾旅客车辆临时停放,不能过夜。停放免费,但是必须要提前预约。政务贵宾厅停车场不对外开放,主要是省委领导等领导使用,停放免费。除了海航的A舱和南航外的其他航空公司的折扣头等舱都可以享受地面贵宾厅服务。除了民生银行的卡以外,其他需要在乐翔贵宾厅办理贵宾服务的均无需预约。机场南航贵宾厅内只提供南航航班信息广播,如旅客乘坐除南航以外的航班,持南航贵宾卡在贵宾厅休息,将会听不到航班信息,请提醒旅客。长沙机场出港海航航班的折扣头等舱不享受地面贵宾服务,机上可以享受同等服务;其他航空公司的折扣与正价头等舱均享受同等的机上和地面贵宾服务。要客服务:携带中科院院士证及其它可以证明VIP身份证件的旅客,可直接到B三十九柜台出示相关证件可享受要客服务,专人引领使用VIP专用安检通道,引领至隔离区内靠近登机口的贵宾室休息候机。","长沙机场出港海航航班的折扣头等舱不享受地面贵宾服务,机上可以享受同等服务;其他航空公司的折扣与正价头等舱均享受同等的机上和地面贵宾服务。"
"一、目前,只实现了湖南省内公民的电子身份证在长沙黄花国际机场过安检,其他省份的会陆续开放。",长沙黄花国际机场巴士时刻表,"估计长沙黄花机场的小车过夜停车价格是五十至一百元一天吧?时间长点的一般都不会选择机场停车场,在航站楼附近有一家“红利停车场”是专供小车过夜停车的应该是机场附近距离最近的大型停车场了。你可以咨询下,我停过几次。"
"如果旅客使用护照购买了国内转国际的联程机票,可以建议旅客请原售票点在国内段备注身份证号码;如无法备注可以使用护照复印件和身份证从长沙机场乘机前往转机地。","一、去降落机场的“失物招领”柜台。 (失物招领一般和机场的行礼寄存在一起,因为两者都需要储物空间)。 这里要说明,招领台的服务人员会让你提供你丢失物品的时间、航班号、以及你回忆的可能丢失物品的位置,方便工作人员查找。 二、如果你觉得丢失在始发站,你需要拨打电话。 如果降落机场未找到,而且你觉得可能是在始发机场丢失的,就需要打电话到始发机场的失物招领处的电话。 这里推荐在网站上搜索“**机场 失物招领”,方便你找到对应电话号。 三、如果东西丢了好长时间,你不确定是否丢失在机场怎么办。 这里提供一个小建议——寻找对方机场的微博,扫一扫最近丢失物品的信息,说不定有意外收获。 四、其他建议 丢东西这件事很麻烦,对一些丢失物品的补充措施我这里写一下: 储蓄卡——必须到柜台挂失 信用卡——可以电话联系客服直接挂失 身份证——1.立即到派出所挂失;2.在网上发表一份证明(表明自己身份证丢失的时间证据);3.联系报社,登报声明(这是相对来说最有法律效益的行为了)","一、目前,只实现了湖南省内公民的电子身份证在长沙黄花国际机场过安检,其他省份的会陆续开放。"
"人体捐献器官转运绿色通道是指人体器官获取组织(以下简称OPO)获取人体捐献器官后,为缩短器官运输时间,在保障安全的前提下采取的快速、有序的人体捐献器官转运措施。民航部门负责保障运送人体捐献器官的人员优先安检、快速登机、协调承运人体捐献器官的航班班次,遇拥堵或流量控制时优先放行。OPO工作人员在明确获取人体捐献器官时间后,根据实际需要,航空运输时应当将航班班次通过航空公司客服电话直接向其通报。通关时,OPO工作人员应当携带移植中心器官接受确认书,人体捐献器官运输箱应当在箱外显著位置张贴人体器官运输专用标志。检察人员认为有必要的,可拨打国家卫生计生委人体捐献器官转运绿色通道二十四小时应急电话查验相关信息,并留存移植中心器官接受确认书副本。人体捐献器官运输箱应当接受X射线行李安全仪器设备的检查,无疑点的可不再进行开箱检查。器官运输箱内含有航空部门禁止或限制携带物品的,应当事先取得航空公司、铁路部门的同意;含有保存人体捐献器官所必须的业态物品的,不受液态物品航空运输条件的限制,但均应满足存储和运输安全要求。应急流程:OPO工作人员预计不能及时到达机场,应当主动通过航空公司客服电话向其说明情况,由航空公司启动应急预案。在飞机起飞前到达机场的,由航空公司协调开通人体捐献器官绿色通道,快速办理登机手续、优先通过安检登机。在飞机起飞后到达机场的,由航空公司负责协调安排改签临近航班。航班延误时,除天气因素等不可抗力外,由航空公司协调承运人体捐献器官的航班优先起飞,尽量缩短人体捐献器官运输时间。遇航班满员,在捐献器官保存期限内无其他适宜航班,经协调OPO人员仍无法乘机的,经航空公司同意,可委托机组人员携带转运器官,必要时可通过航空货运运输,航空公司不承担人体捐献器官保管责任。","人体捐献器官转运绿色通道是指人体器官获取组织(以下简称OPO)获取人体捐献器官后,为缩短器官运输时间,在保障安全的前提下采取的快速、有序的人体捐献器官转运措施。","人体捐献器官转运绿色通道是指人体器官获取组织(以下简称OPO)获取人体捐献器官后,为缩短器官运输时间,在保障安全的前提下采取的快速、有序的人体捐献器官转运措施。民航部门负责保障运送人体捐献器官的人员优先安检、快速登机、协调承运人体捐献器官的航班班次,遇拥堵或流量控制时优先放行。OPO工作人员在明确获取人体捐献器官时间后,根据实际需要,航空运输时应当将航班班次通过航空公司客服电话直接向其通报。通关时,OPO工作人员应当携带移植中心器官接受确认书,人体捐献器官运输箱应当在箱外显著位置张贴人体器官运输专用标志。检察人员认为有必要的,可拨打国家卫生计生委人体捐献器官转运绿色通道二十四小时应急电话查验相关信息,并留存移植中心器官接受确认书副本。人体捐献器官运输箱应当接受X射线行李安全仪器设备的检查,无疑点的可不再进行开箱检查。器官运输箱内含有航空部门禁止或限制携带物品的,应当事先取得航空公司、铁路部门的同意;含有保存人体捐献器官所必须的业态物品的,不受液态物品航空运输条件的限制,但均应满足存储和运输安全要求。应急流程:OPO工作人员预计不能及时到达机场,应当主动通过航空公司客服电话向其说明情况,由航空公司启动应急预案。在飞机起飞前到达机场的,由航空公司协调开通人体捐献器官绿色通道,快速办理登机手续、优先通过安检登机。在飞机起飞后到达机场的,由航空公司负责协调安排改签临近航班。航班延误时,除天气因素等不可抗力外,由航空公司协调承运人体捐献器官的航班优先起飞,尽量缩短人体捐献器官运输时间。遇航班满员,在捐献器官保存期限内无其他适宜航班,经协调OPO人员仍无法乘机的,经航空公司同意,可委托机组人员携带转运器官,必要时可通过航空货运运输,航空公司不承担人体捐献器官保管责任。"
交通违规处罚:黄花机场交通违法处理二千零一十三年三月一日起可在长沙就近办理,"交通违规处罚:黄花机场交通违法处理二千零一十三年三月一日起可在长沙就近办理窗口服务时间:夏季:周一至周五:八点-十一点,十四点-十七点;冬季:周一至周五:八点三十分-十一点三十分,十三点三十分-十六点三十分交通管理窗口服务电话:七百三十一-八千四百七十九万七千四百一十一二千零一十三年三月一日起长沙交警支队所有交通违法处罚窗口全面受理机场交警支队记录的电子警察交通违法。",长沙黄花国际机场巴士时刻表
"可以北京首都国际机场,下飞机后是可以去免税店的,但是只能在下飞机的航站楼购物。免税店一般不在外面,都是在里面候机大厅或者刚到达的那个区域,没有办理机票值机的话,无法进入那个区域的。假如你在T二下飞机,就只能在T二的免税店买东西了。记得,下了飞机一定要找到免税店,不要先出关,如果出来了,就无法再进去了,也就买不了东西了。","可以北京首都国际机场,下飞机后是可以去免税店的,但是只能在下飞机的航站楼购物。免税店一般不在外面,都是在里面候机大厅或者刚到达的那个区域,没有办理机票值机的话,无法进入那个区域的。假如你在T二下飞机,就只能在T二的免税店买东西了。记得,下了飞机一定要找到免税店,不要先出关,如果出来了,就无法再进去了,也就买不了东西了。","市场上充电宝有多种容量,超大容量锂电池能否上飞机如下表所示:"
"去台湾必须出具往返程机票。如回程不直接回长沙,也要出具离开台湾去其他地方的行程单·","如果香港旅客想从长沙出港到台湾,无论成人还是小孩都不可以用香港护照,必须用回乡卡(港澳居民来往内地通行证)才能从长沙出境。",长沙黄花国际机场巴士时刻表
长沙黄花国际机场巴士时刻表,"长沙航空口岸正式开办签证业务,这意味着今后外国人来湖南可以直接在长沙黄花国际机场办理落地签证。",2.厦航机场售票柜台(长沙黄花国际机场T二航站楼国内出发厅一号和二号门之间)
旅客在安检处落下的东西会在当天移交失物招领处。,"旅客在安检口旅客要求邮寄的物品,现在统一由失物招领统一管理,旅客领取物品可直接联系失物招领处。一般安检的工作人员会直接拿快递单让旅客填写(底单一般旅客会带走),如果当时没有让旅客填写快递单,安检工作人员会将快递单填写好之后将相关信息发送给旅客。一般会在次日安排邮寄。安检给旅客邮寄物品使用的快递一律都是邮政,联系机场邮政电话八千八百七十五万四千零六十移动充电宝属于潜在危险物品,如果旅客携带了不符合规定的充电宝或其他易燃易爆危险品而无法携带,安检无法寄存。旅客帮乘机人代取寄存在安检的物品,如果旅客没有乘机人的身份证,寄存单遗失。如果旅客可以提供乘机人乘机日期,航班号码,物品名称和数量,及旅客的身份证,安检工作人员可以找到该物品,旅客可以领取到该寄存物品旅客在安检处落下的东西会在当天移交失物招领处。","一、去降落机场的“失物招领”柜台。 (失物招领一般和机场的行礼寄存在一起,因为两者都需要储物空间)。 这里要说明,招领台的服务人员会让你提供你丢失物品的时间、航班号、以及你回忆的可能丢失物品的位置,方便工作人员查找。 二、如果你觉得丢失在始发站,你需要拨打电话。 如果降落机场未找到,而且你觉得可能是在始发机场丢失的,就需要打电话到始发机场的失物招领处的电话。 这里推荐在网站上搜索“**机场 失物招领”,方便你找到对应电话号。 三、如果东西丢了好长时间,你不确定是否丢失在机场怎么办。 这里提供一个小建议——寻找对方机场的微博,扫一扫最近丢失物品的信息,说不定有意外收获。 四、其他建议 丢东西这件事很麻烦,对一些丢失物品的补充措施我这里写一下: 储蓄卡——必须到柜台挂失 信用卡——可以电话联系客服直接挂失 身份证——1.立即到派出所挂失;2.在网上发表一份证明(表明自己身份证丢失的时间证据);3.联系报社,登报声明(这是相对来说最有法律效益的行为了)"
"e.临时登机证明可以提前来机场办理,在证明上标明有效期即可,在有效期以内都可以使用。","贵宾休息室不可以直达飞机,只是登机时有专门车辆送到登机口,享受优先登机。各个机场都会有贵宾休息室,会额外提供比候机大厅更好一点服务(如提供沙发、免费饮料水果、免费上网、免费报刊、专人提醒登机等),还有优先登机,即享受如头等舱旅客同等的服务。","一、航班起飞前四十分钟开始登机,航班起飞前十五分钟停止登机,开始登机时机场中央大广播会自动播放登机广播,主要是催促已经办理值机手续但还未过安检的旅客尽快过安检,开始登机后登机口也会有相应区域广播,主要是航班动态、登机口变更以及催促旅客登机广播,该广播覆盖范围有限,若旅客离开登机口则有可能听不到。若旅客来电质疑没有听到广播通知,中央大广播记录可联系广播室查询,登机口区域广播可联系候机查询,但广播录音均不可对外。二、旅客质疑登机口无工作人员,可告知旅客候机工作人员工作地点并不固定,可能目前还在其他登机口办理旅客登机服务,等旅客的航班快到登机时间工作人员会提前过来。若已经到登机时间还无工作人员可联系候机室确认。三、旅客来电反映将物品遗失在飞机上,若是刚刚下机,可联系候机寻找。"
"一、去降落机场的“失物招领”柜台。 (失物招领一般和机场的行礼寄存在一起,因为两者都需要储物空间)。 这里要说明,招领台的服务人员会让你提供你丢失物品的时间、航班号、以及你回忆的可能丢失物品的位置,方便工作人员查找。 二、如果你觉得丢失在始发站,你需要拨打电话。 如果降落机场未找到,而且你觉得可能是在始发机场丢失的,就需要打电话到始发机场的失物招领处的电话。 这里推荐在网站上搜索“**机场 失物招领”,方便你找到对应电话号。 三、如果东西丢了好长时间,你不确定是否丢失在机场怎么办。 这里提供一个小建议——寻找对方机场的微博,扫一扫最近丢失物品的信息,说不定有意外收获。 四、其他建议 丢东西这件事很麻烦,对一些丢失物品的补充措施我这里写一下: 储蓄卡——必须到柜台挂失 信用卡——可以电话联系客服直接挂失 身份证——1.立即到派出所挂失;2.在网上发表一份证明(表明自己身份证丢失的时间证据);3.联系报社,登报声明(这是相对来说最有法律效益的行为了)","一、目前,只实现了湖南省内公民的电子身份证在长沙黄花国际机场过安检,其他省份的会陆续开放。","台湾人在长沙丢失台胞证,需要到长沙市公安局出入境接待大厅补办《一次性台胞证》。需要准备的文件有:一、台湾身份证原件;二、临时住宿登记表;三、登报遗失声明;四、派出所报失证明;五、本人遗失声明;六、照片三张。"
(一)使用有效乘机身份证件复印件的;(二)港澳居民使用香港、澳门特别行政区护照或香港、澳门特别行政区政府签发的身份证件的;(三)台胞使用台湾当局签发的身份证件的;(四)使用边防检查部门出具的暂扣护照证明的;(五)使用退伍证的;(六)使用公安机关出具的要素不全的身份证明的。,"如果旅客购买长沙到上海转飞国际的机票,国内和国际段均为东航航班但是非联程航班,无法申请国内段行李额加重。","如果旅客使用护照购买了国内转国际的联程机票,可以建议旅客请原售票点在国内段备注身份证号码;如无法备注可以使用护照复印件和身份证从长沙机场乘机前往转机地。"
"一般的航空意外险保障的内容包括航空意外身故、残疾和烧烫伤,航班延误,航班取消等保障,有的还包含意外医疗和行李遗失的保障。每家保险公司的航空意外险保障内容都略有不同。下面给您一款比较不错的航空意外险供您参考一下:航空交通工具意外保障计划,保障项目丰富,涵盖十二种类的交通工具乘坐或者驾驶意外保障,保障全面。","尽管飞机发生意外风险的概率不高,但是一旦发生所带来的损失近乎毁灭性的,一份合适的航空意外险虽然无法阻止空难事件的发生,但是却可以在意外事故降临后,为受害人的家属提供尽可能多的经济补偿。所以坐飞机之前买一份合适的航空意外险是必要的。   国际航空意外险办理以后多久生效一般情况下,网上投保航空意外险将于日次零时生效,同时网上投保航空意外险操作便利,所以是目前投保航空意外险效率最高的一种投保方式,投保前您需要注意以下几点:1.一些飞机航班延误险规定,如果恶劣天气导致整个机场关闭的,则属于除外责任,保险公司将不负责赔偿。2.不同的境外旅行险产品,对于航班延误超过多少小时以上才能获得赔偿,有不同的规定。3.如果航班无限期延迟,境外旅行险中航班延误责任的赔偿金额并非相应地无限增加,而是会规定一个上限金额,条款中就会有明确约定。4.对于哪些原因导致的航班延误,才能获得保险理赔,主要也是看条款中的约定。      投保国际航空意外险之前您首先要弄清楚其生效时间,慧择网是提供专业、可靠航空意外险的最佳渠道,欢迎您前来综合对比选择和咨询。    百万商旅计划(空中飞人意外保障计划) 保障内容:*民航飞机意外身故保险金一百万元      低至:四十元/年     慧择“航空无忧”昆仑单次高额意外保障计划 保障内容:*客运民航意外残疾伤害、意外身故 一百万元      低至:六元/七天","一、向国际旅行者和社团出境人员宣传国际旅行保健知识,帮助其了解前往国家和地区传染病流行情况。二、对患有艾滋病、精神病、性病和开放性肺结核的外国人和禁止入境的动植物及其产品实施监护出境。三、出入境人员有哪些情况其本人或其监护人应主动向检疫医师申报?出入境人员有下列情况之一者,其本人或其监护人应主动向检疫医师申报:有发热、呼吸困难、呕吐、腹泻等症状。患有传染性疾病或者精神病。携带微生物、人体组织、生物制品、血液及其制品、动植物及其产品等物品的出入境人员。哪些情况下检验检疫工作人员需要查验“预防接种证书”(黄热病、霍乱及其他)?前往或途径检疫传染病流行疫区的旅客;旅客前往国家对国际旅行预防接种有要求的。来自黄热病疫区,但没有“预防接种证书”怎么办?对于无证者或无有效证件者,应到定点的国际旅行卫生保健中心予以黄热病预防接种并发给证书。哪些情况下检验检疫工作人员需要查验“健康证书”?申请出国一年以上的中国籍旅客。在哪些情况下检验检疫机构实行检疫健康书面申报制度,要求出入境人员填报《出/入境人员检疫健康申明卡》?下列紧急情况下,各局根据总局发布的公告,实行检疫健康书面申报制度,要求出入境人员填报《出/入境人员检疫健康申明卡》:世界卫生组织(WHO)针对国际关注的突发公共卫生事件,发布临时或长期建议的。境外发生重大传染病疫情和突发公共卫生事件,经总局评估属于传入高风险等级的。境内发生重大传染病疫情和突发公共卫生事件时,可能造成国际间传播的。哪些人员需要实行艾滋病和性病监测?在国外居住三个月以上的中国籍人员(海员、劳务等重点人群)需要实施艾滋病和性病监测。国内外发生重大疫情时,和平常出入境会有哪些不同?国内外发生重大传染病疫情时,由国家质检总局发布对出入境交通工具和人员及其携带物采取临时性检验检疫强制措施的公告,来自疫区的交通工具必须在指定的地点停靠;出入境人员必须逐人如实填报《出入境检疫健康申明卡》,并由检验检疫专用通道通行;出入境人员携带物必须逐件通过X光机透视检查。对疑似染疫人员、患有传染性疾病或精神病的人员,检疫官员将实行体温复查、医学检查等措施;对可能传播传染病的出入境人员携带物,检疫官员将采取相应的处理措施,防止疫病疫情传播。疫情解除后,由国家质检总局发布恢复常态管理的公告。什么情况下口岸检验检疫机构会对旅客开展医学排查?如果旅客出现以下情况,检疫医师需要对旅客开展医学排查:传染病相关症状体征的;与确诊传染病人有密切接触史的;医学巡查中发现可疑神态、病容、体征和症状的;体温≧37.5℃的;发生国际关注突发公共卫生事件时,来自受染地区的。医学排查的内容有哪些?包括流行病学调查、体格检查、实验室检查,请配合检疫医师填写《出入境人员流行病学调查表》和《口岸现场医学检查记录》。何时需要洗手?接触传染病可疑病例前后;接触血液、体液、排泄物、分泌物和被污染的物品后;穿戴防护用品前、脱掉防护用品后;从污染操作转为清洁操作之间;戴手套之前,摘手套之后。何时需要对手进行消毒?对手消毒的要求:接触可疑病例之后;接触感染的伤口和血液、体液、排泄物和分泌物之后;接触被呼吸道传染病病毒污染的物品之后。手消毒的方法有哪些?手消毒可用0.3%~0.5%碘伏消毒液或快速手消毒剂(异丙醇类、洗必泰、新洁尔灭、七十五%酒精等消毒剂)揉搓作用一分钟至三分钟。使用符合N九十五或FFP二标准的口罩使用时应注意的事项?每次使用时,先行检查,以确保口罩紧贴面部并覆盖口鼻,将双手置于口罩上,检查呼吸是否顺畅,如果鼻子周围漏气,调整鼻梁部位,重新检查。发生国际关注的呼吸道传染病疫情时,哪些旅客会被判定为密切接触者?可疑病例座位的同排和前后三排座位的旅客以及在上述区域内提供客舱服务的乘务员。发生国际关注的呼吸道传染病疫情时,哪些旅客会被判定为一般接触者?民用航空器内除了密切接触者之外的其他人员。旅客出现哪些症状时,会被高度怀疑为非典型肺炎疑似病例?以发热为首发症状,体温一般高于三十八℃;可伴有头痛、关节酸痛、肌肉酸痛、乏力、腹泻;常无上呼吸道卡他症状;可有咳嗽,多为干咳、少痰,偶有血丝痰;可有胸闷,严重者出现呼吸加速,气促,或明显呼吸窘迫。肺部体征不明显时,应高度怀疑其为非典型肺炎疑似病例。旅客出现哪些症状时,会被高度怀疑为人感染高致病性禽流感疑似病例疑似病例?温大多持续在三十九℃以上,可伴有流涕、鼻塞、咳嗽、咽痛、头痛、肌肉酸痛和全身不适。可有恶心、腹痛、腹泻、稀水样便等消化道症状,有临床表现明显的肺炎或肺部实变体征时,应高度怀疑其为人感染高致病性禽流感疑似病例。"
票价:长沙磁浮快线采用区段计价票制。磁浮高铁站—磁浮机场站:二十元/人;磁浮机场站—磁浮㮾梨站十元/人;磁浮㮾梨站—磁浮高铁站十元/人。,长沙磁浮快线,"五、凡有重要旅客定座、购票的航班,不应随意取消或变更。如有变更,应尽早通知重要旅客的购票单位,并做出妥善安排。"
"旅客帮乘机人代取寄存在安检的物品,如果旅客没有乘机人的身份证,寄存单遗失。如果旅客可以提供乘机人乘机日期,航班号码,物品名称和数量,及旅客的身份证,安检工作人员可以找到该物品,旅客可以领取到该寄存物品","c.	旅客在机场登机牌遗失,在该航班规定值机时间内可以在机场相应开放的柜台进行补打登机牌,不限在国内值机主任柜台。如果旅客的登机牌为航空公司官网通过网上值机打印,也是同样规定。","旅客在安检口旅客要求邮寄的物品,现在统一由失物招领统一管理,旅客领取物品可直接联系失物招领处。一般安检的工作人员会直接拿快递单让旅客填写(底单一般旅客会带走),如果当时没有让旅客填写快递单,安检工作人员会将快递单填写好之后将相关信息发送给旅客。一般会在次日安排邮寄。安检给旅客邮寄物品使用的快递一律都是邮政,联系机场邮政电话八千八百七十五万四千零六十移动充电宝属于潜在危险物品,如果旅客携带了不符合规定的充电宝或其他易燃易爆危险品而无法携带,安检无法寄存。旅客帮乘机人代取寄存在安检的物品,如果旅客没有乘机人的身份证,寄存单遗失。如果旅客可以提供乘机人乘机日期,航班号码,物品名称和数量,及旅客的身份证,安检工作人员可以找到该物品,旅客可以领取到该寄存物品旅客在安检处落下的东西会在当天移交失物招领处。"
"二、自助值机柜台只能刷二代身份证办理登机手续,若用其他有效证件购票,须手动输入相应有效证件的号码。自助值机终端无法办理有绑定婴儿旅客的其他旅客的登机牌。","一、不论航班是否正常,自助值机柜台办理值机手续的时间均为航班原计划起飞前的两小时开始办理,起飞前的五十分钟截止办理。二、自助值机柜台只能刷二代身份证办理登机手续,若用其他有效证件购票,须手动输入相应有效证件的号码。自助值机终端无法办理有绑定婴儿旅客的其他旅客的登机牌。三、南航自助值机只要是过了零点就能办理当天的航班,没有起飞时间的限制,但存在部分航班无法自助打印的情况。特殊情况:1.国内航班早班飞机一般是从五:三十开始办理值机,自助值机终端也是五:三十开始才能使用。c.	旅客在机场登机牌遗失,在该航班规定值机时间内可以在机场相应开放的柜台进行补打登机牌,不限在国内值机主任柜台。如果旅客的登机牌为航空公司官网通过网上值机打印,也是同样规定。d.旅客如果订当天的票,有可能出现值机时无机票信息的情况。出现这种情况的原因一般是因为订票信息没有及时从黑屏传送到值机系统的白屏。遇到这种情况,在确认黑屏中机票信息正常之后,可以提供票号给旅客,让值机人员从黑屏导入,或者建议旅客到值机主任柜台办理。e.若旅客来电反映自助值机机器没有登机牌了可联系客运更换登机牌。","一、不论航班是否正常,自助值机柜台办理值机手续的时间均为航班原计划起飞前的两小时开始办理,起飞前的五十分钟截止办理。"
"四、【个人中心】,点击【电子证照】→ 【电子身份证】","一、去降落机场的“失物招领”柜台。 (失物招领一般和机场的行礼寄存在一起,因为两者都需要储物空间)。 这里要说明,招领台的服务人员会让你提供你丢失物品的时间、航班号、以及你回忆的可能丢失物品的位置,方便工作人员查找。 二、如果你觉得丢失在始发站,你需要拨打电话。 如果降落机场未找到,而且你觉得可能是在始发机场丢失的,就需要打电话到始发机场的失物招领处的电话。 这里推荐在网站上搜索“**机场 失物招领”,方便你找到对应电话号。 三、如果东西丢了好长时间,你不确定是否丢失在机场怎么办。 这里提供一个小建议——寻找对方机场的微博,扫一扫最近丢失物品的信息,说不定有意外收获。 四、其他建议 丢东西这件事很麻烦,对一些丢失物品的补充措施我这里写一下: 储蓄卡——必须到柜台挂失 信用卡——可以电话联系客服直接挂失 身份证——1.立即到派出所挂失;2.在网上发表一份证明(表明自己身份证丢失的时间证据);3.联系报社,登报声明(这是相对来说最有法律效益的行为了)","有效乘机身份证件的种类包括:中国大陆地区居民的居民身份证、临时居民身份证、护照、军官证、文职干部证、义务兵证、士官证、文职人员证、职工证、武警警官证、武警士兵证、海员证,香港、澳门地区居民的港澳居民来往内地通行证,台湾地区居民的台湾居民来往大陆通行证;外籍旅客的护照、外交部签发的驻华外交人员证、外国人永久居留证;民航局规定的其他有效乘机身份证件。十六周岁以下的中国大陆地区居民的有效乘机身份证件,还包括出生医学证明、户口簿、学生证或户口所在地公安机关出具的身份证明。电子身份证生成以及使用步骤:一、关注“湖南公安服务平台”微信公众号二、首次登录请先填写个人准确信息进行注册三、实人视频认证四、【个人中心】,点击【电子证照】→ 【电子身份证】五、办理值机手续时,出示该电子身份证给值机员目测即可六、过安检时,点击下方的“电子证照登机”→“我的扫描二维码”,把手机对准闸口扫描二维码,正脸平视验证摄像头即可。注意事项:一、目前,只实现了湖南省内公民的电子身份证在长沙黄花国际机场过安检,其他省份的会陆续开放。二、安检时扫描二维码注意有效时限,过期请刷新三、目前机场开通的电子身份证使用安检通道,仅为T一的一号安检通道与T二的六号与十五号安检通道"
"外国人用护照购买国内航段的机票,护照名字按中国人的习惯姓在前名在后,买票时名在前姓在后,例如:护照是ZHOU MARK,订票时用的MARK  ZHOU,安检值机都没影响,不会影响乘机。","如果旅客购买长沙到上海转飞国际的机票,国内和国际段均为东航航班但是非联程航班,无法申请国内段行李额加重。","如果旅客使用护照购买了国内转国际的联程机票,可以建议旅客请原售票点在国内段备注身份证号码;如无法备注可以使用护照复印件和身份证从长沙机场乘机前往转机地。"
"P二停车场位于T二航站楼正前方,车位五百五十三个,为小车临时停放区;","三、目前机场开通的电子身份证使用安检通道,仅为T一的一号安检通道与T二的六号与十五号安检通道","P三停车场位于T二航站楼西南侧,大巴车车位六十七个;"
"《规定》不仅明确了超过“十五分钟”就算是延误,还明确了什么是“离港”,什么算是“到港”,飞机在机场滑行也算时间。","一、机场巴士站:位于长沙黄花国际机场T二航站楼到达层,在到达厅大内设有售票、咨询柜台和专用候车室,在到达大厅外设有十五个班线发车站台。","长沙黄花机场T一航站楼,二千零一十八年五月十六日刚恢复启用;T一和T二 分别位于磁浮机场站的两边,T一 在北,T二 在南。T一、T二航站楼安检区外通过磁浮连廊实现互相连通 (步行八分钟)。您也可以乘坐电瓶车往返T一与T二航站楼之间(四分钟)。"
交通违规处罚:黄花机场交通违法处理二千零一十三年三月一日起可在长沙就近办理,"交通违规处罚:黄花机场交通违法处理二千零一十三年三月一日起可在长沙就近办理窗口服务时间:夏季:周一至周五:八点-十一点,十四点-十七点;冬季:周一至周五:八点三十分-十一点三十分,十三点三十分-十六点三十分交通管理窗口服务电话:七百三十一-八千四百七十九万七千四百一十一二千零一十三年三月一日起长沙交警支队所有交通违法处罚窗口全面受理机场交警支队记录的电子警察交通违法。",长沙黄花国际机场巴士时刻表
"一、贵宾休息室与普通候机室最大的差别就是在于贵宾室可以无限畅饮,有免费餐食,至于餐食的水准还是要视具体的运营商,对于土豪航空公司的自助餐就不用多少说,那必须是很赞的。二、很多VIP贵宾室有单独的安检通道,可以优先登机,在上下飞机还有专门的小车接送,不用和大队人马一起排队。三、对于那些长时间延误或者要过夜转机的朋友来说,贵宾室绝对是一种享受,有地方淋浴,有个地方能够舒舒服服的坐着或者躺着刷刷朋友圈,无疑是雪中送炭的服务。机场的贵宾休息室一般分为三类:第一类就是航空公司自建的休息室,一般是为了两舱或者自己的精英会员提供服务。比如东航在上海、北京、青岛等机场都有自己的休息室。第二类就是机场自营的休息室,为那些在本场没有自建休息室的航空公司提供两舱服务,比如在虹桥机场如果乘坐吉祥航空的两舱,进的就是虹桥V一休息室,虹桥机场的自营休息室。第三类则是由第三方运营的休息室,这些休息室一般都是由某些公司,比如银行、电信等在机场内租赁一块场地自己办的,面向的客户主要是自己公司的高端客户。扩展资料:一、机场休息室的类别:机场休息室一般分为三类。(一)第一类要客休息室,给省部级或者当地政府规定的接待客人使用,部分享受单独安检通道、随员不限。不论是否接廊桥都单独小车接送、专人引导、定点餐食、各种免费饮料、电视、Wi-Fi、报纸杂志等服务,同时休息室内也提供改签、挑换座位等航空公司的服务。算是休息室服务中级别最高、服务最好的。(二)第二类高舱休息室,主要是给航空公司高舱(头等舱、公务舱、高端经济舱)以及高端会员(一般都是第三级别会员,如国航只给金卡会员以上)提供候机服务的。这一类休息室大部分在隔离区里,因此大部分不包含独立的安检,提供的服务次于要客休息室。但基本包括电视、报纸、杂志、Wi-Fi、小吃、饮料,航空公司基地站的自营休息室水平较高甚至包括淋浴间、睡眠室、独立吸烟室、独立休息室、按摩室,餐食也相对好一些。更重要的是航空公司自营休息室可以提供改签、改座位、候补等航司服务,你不用奔波于柜台和休息室两边反复安检。(三)第三类则是银行卡、商旅卡休息室,这类中银行卡较为高端,大型航站的银行卡休息室提供的服务堪比要客。有些设立在隔离区外为用户提供头等舱安检、小车接送服务,其他服务方面好的很好,差的地板就是航空公司代办水平,很多银行卡休息室在小航站就是代办休息室当然也是商务卡休息室。","贵宾休息室不可以直达飞机,只是登机时有专门车辆送到登机口,享受优先登机。各个机场都会有贵宾休息室,会额外提供比候机大厅更好一点服务(如提供沙发、免费饮料水果、免费上网、免费报刊、专人提醒登机等),还有优先登机,即享受如头等舱旅客同等的服务。","南航有两个贵宾厅:1.头等舱休息室,一-七号安检口右边; 2.金银卡旅客休息室,三十一号登机口旁边。建议旅客到A岛问讯处咨询国内商务贵宾厅 三个隔离区外:一号贵宾厅,候机楼外连廊(此贵宾厅业务需要通过接待科预约)二号贵宾厅,候机楼外连廊为冠名厅企业和协议单位客户使用三号贵宾厅,A岛以北(到达层一号门旁的手扶梯上楼可见)网络预约休息厅V四,D值机岛旁(上梯梯可见)六号贵宾厅V六,T一航站楼二号门南侧头等舱贵宾厅 五个隔离区内:T一-一号头等舱休息室,进安检后往左约一百米;T一-二号头等舱休息室,进安检后往右约一百米;T一-三号头等舱休息室,位于十五号登机口旁;五号、六号商务休息室,位于老十八、十九号登机口附近;七号、八号、九号头等舱休息室,位于隔离区候机厅A岛附近;十号十四号由于品质提升,暂时未开放。十五号头等舱休息室,位于四十七-五十号登机口旁边;国际有三个国际贵宾厅,都在国际出发过安检后的左侧要根据旅客的登机口,然后选择就近的贵宾休息室,建议旅客找到现场贵宾厅工作人员指引相应位置"
"机场免税店和市内免税店都是免税的,机场的免税店一般要凭登机牌购买,市内的免税店要凭护照或者出境凭证购买,而且有的市内免税店要求在出境口岸提取免税品,比如机场。","在免税店完成选购和付款之后,会领到一个提货单据,凭提货单据和登机牌、身份证或护照到机场提货。大部分免税店本身就是在机场里面。市区免税店,比如夏威夷,都是在机场提货。韩国,本国品牌现场提货,外国品牌机场提货。机场提货的好处是,不算在你托运行李的重量里。机场提货的缺点:下了飞机东西多的话,得重新打包。现场提的货要回去打包,液体什么的都必须托运掉,占用你托运行李的重量。注意:香港免税店实际是假的,因为香港本身就是自由港,没有关税,所以不需要任何手续。在欧洲任何店都可以购买商品,然后凭发票到机场退税。拓展资料:免税店指经海关总署批准,由经营单位在中华人民共和国国务院或其授权部门批准的地点设立符合海关监管要求的销售场所和存放免税品的监管仓库,向规定的对象销售、供应免税品的商店。目前,我国境内的免税店主要有口岸免税店、运输工具免税店、市内免税店、外交人员免税店、供船免税店及我国出国人员外汇免税商店。","在免税店完成选购和付款之后,会领到一个提货单据,凭提货单据和登机牌、身份证或护照到机场提货。大部分免税店本身就是在机场里面。市区免税店,比如夏威夷,都是在机场提货。韩国,本国品牌现场提货,外国品牌机场提货。机场提货的好处是,不算在你托运行李的重量里。机场提货的缺点:下了飞机东西多的话,得重新打包。现场提的货要回去打包,液体什么的都必须托运掉,占用你托运行李的重量。注意:香港免税店实际是假的,因为香港本身就是自由港,没有关税,所以不需要任何手续。在欧洲任何店都可以购买商品,然后凭发票到机场退税。拓展资料:免税店指经海关总署批准,由经营单位在中华人民共和国国务院或其授权部门批准的地点设立符合海关监管要求的销售场所和存放免税品的监管仓库,向规定的对象销售、供应免税品的商店。目前,我国境内的免税店主要有口岸免税店、运输工具免税店、市内免税店、外交人员免税店、供船免税店及我国出国人员外汇免税商店。"
无成人陪伴儿童:是指年龄五周岁(含)至十二周岁(不含)的无成人陪伴的、单独乘机的儿童。五周岁以下的无成人陪伴儿童原则上不予接受;,"二-十二岁香港儿童,如无回乡证,可使用香港身份证、护照,或者回港证(此证是香港颁发的)乘坐国内航班。","无成人陪伴儿童:是指年龄五周岁(含)至十二周岁(不含)的无成人陪伴的、单独乘机的儿童。五周岁以下的无成人陪伴儿童原则上不予接受;无陪儿童服务一般需要旅客购买无陪儿童机票且向相应航司申请无陪儿童服务。没有任何证件的无陪儿童买机票与航空公司营业部联系,如果买到UM票。可以办理无陪。旅客可凭无陪申请单到机场联系八千四百七十九万七千三百七十三办理相关手续;如果是南航航班,可以到A岛问询柜台咨询工作人,或者咨询八千四百七十九万九千三百三十三。送机的无陪儿童家长一般要求留在机场,直到飞机起飞才可以离开。若小孩已过安检,或者已经登机,航班延误时间较长还未起飞,家长担心小孩状况的情况下,可以让家长拨打八千四百七十九万七千三百七十三咨询。如果是南航航班,可以到A岛问询柜台咨询工作人,或者咨询八千四百七十九万九千三百三十三。为无成人陪伴儿童办理乘机手续,座位安排应根据以下原则:安排在便于指定的随机服务员或乘务员照料的适当位置;靠近机上厨房,最好是过道座位;若有可能,与其他旅客分开座位;若座位满座,应安排与女乘客一起的座位;不得安排在紧急出口的座位。国航五-十八岁的未成年人都可以申请无陪服务,五-十二岁免费,十二-十八岁的如果需要无陪服务,需收取二百元每人每次的服务费。厦航无陪服务长沙受理点:1.市内售票处(长沙市芙蓉中路二段一百三十六号)TEL:八千五百一十六万八千二百六十八/八千五百五十六万五千七百七十七2.厦航机场售票柜台(长沙黄花国际机场T二航站楼国内出发厅一号和二号门之间)"
"临时身份证可以换驾照,临时居民身份证具有证明公民身份的法律效力。","e.临时登机证明可以提前来机场办理,在证明上标明有效期即可,在有效期以内都可以使用。","如果旅客使用护照购买了国内转国际的联程机票,可以建议旅客请原售票点在国内段备注身份证号码;如无法备注可以使用护照复印件和身份证从长沙机场乘机前往转机地。"
"有三个国际贵宾厅,都在国际出发过安检后的左侧",基本上所有的国际机场退税手续都在安检以后。然后在里面会有一个专用的退税窗口。,"T二国际、国内出发都在三楼其中二十~二十五号门进去是国际出发二十六~二十九号门进去是国内出发一、值机分T一航站楼、T二航站楼,不分入口。二个航站楼都有国内、国际出发,按航空公司区分。比如:MU东航在T一航站楼,CA国航在T二航站楼。二、安检国内、国际有不同的安检口。三、候机、登机按登机牌上的登机口号码,前往该登机口附近坐等、登机。"
"小件寄存地址:T一航站楼位于到达层四号门旁边,T二航站楼位于到达层八号门旁边。T一/T二自助行李寄存箱子尺寸:大箱可放二十四-三十二寸行李箱,中箱可放二十-二十四寸行李箱,小箱可放十八-二十寸行李箱,计费规则:小箱:十五元/十二小时/次,中箱:二十元/十二小时/次,大箱三十元/十二小时/次。行李寄存服务时间:每天上午七:零-二十二:零(二十一:三十后不再接受寄存服务),二十四小时客服电话四十亿零九百三十一万六千一百六十八注意:行李寄存现场无人值班,需要旅客现场按铃呼叫安检工作人员前来开门。","逾重行李费发票是由航空公司提供的,旅客只能在现场开收据,手写加盖章,可以报销,一旦丢失不能补办。如果客人反映无法报销,需要客人联系航空公司客服,由航空公司开报销凭据并邮寄,邮费到付。另外C岛前台交逾重行李费的柜台可以为旅客提供打印和复印服务,A四黑白打印、复印一元,收发传真二元、彩印十元。上班时间五:三十-二十三:零,联系电话:八千九百九十八万一千七百八十八(不对外提供)。海航飞伦敦的国际航班逾重行李费由国内逾重行李柜台代收,一般国际航班的逾重行李费由代办现场收取",提供免费茶水、行李寄存、电视收看、杂志阅览等服务。
国内航班旅客无法进入免税店,2.厦航机场售票柜台(长沙黄花国际机场T二航站楼国内出发厅一号和二号门之间),长沙黄花国际机场巴士时刻表
长沙黄花国际机场巴士时刻表,"去台湾必须出具往返程机票。如回程不直接回长沙,也要出具离开台湾去其他地方的行程单·","一、目前,只实现了湖南省内公民的电子身份证在长沙黄花国际机场过安检,其他省份的会陆续开放。"
"旅客在安检口旅客要求邮寄的物品,现在统一由失物招领统一管理,旅客领取物品可直接联系失物招领处。","一、去降落机场的“失物招领”柜台。 (失物招领一般和机场的行礼寄存在一起,因为两者都需要储物空间)。 这里要说明,招领台的服务人员会让你提供你丢失物品的时间、航班号、以及你回忆的可能丢失物品的位置,方便工作人员查找。 二、如果你觉得丢失在始发站,你需要拨打电话。 如果降落机场未找到,而且你觉得可能是在始发机场丢失的,就需要打电话到始发机场的失物招领处的电话。 这里推荐在网站上搜索“**机场 失物招领”,方便你找到对应电话号。 三、如果东西丢了好长时间,你不确定是否丢失在机场怎么办。 这里提供一个小建议——寻找对方机场的微博,扫一扫最近丢失物品的信息,说不定有意外收获。 四、其他建议 丢东西这件事很麻烦,对一些丢失物品的补充措施我这里写一下: 储蓄卡——必须到柜台挂失 信用卡——可以电话联系客服直接挂失 身份证——1.立即到派出所挂失;2.在网上发表一份证明(表明自己身份证丢失的时间证据);3.联系报社,登报声明(这是相对来说最有法律效益的行为了)","旅客在安检口旅客要求邮寄的物品,现在统一由失物招领统一管理,旅客领取物品可直接联系失物招领处。一般安检的工作人员会直接拿快递单让旅客填写(底单一般旅客会带走),如果当时没有让旅客填写快递单,安检工作人员会将快递单填写好之后将相关信息发送给旅客。一般会在次日安排邮寄。安检给旅客邮寄物品使用的快递一律都是邮政,联系机场邮政电话八千八百七十五万四千零六十移动充电宝属于潜在危险物品,如果旅客携带了不符合规定的充电宝或其他易燃易爆危险品而无法携带,安检无法寄存。旅客帮乘机人代取寄存在安检的物品,如果旅客没有乘机人的身份证,寄存单遗失。如果旅客可以提供乘机人乘机日期,航班号码,物品名称和数量,及旅客的身份证,安检工作人员可以找到该物品,旅客可以领取到该寄存物品旅客在安检处落下的东西会在当天移交失物招领处。"
"一、机场免税店是针对国际航线的,拿着护照出了海关,才能进免税店。首都机场的免税店在首都国际机场的二号航站楼,国际出发过了安检后就可以看到免税店。二、凡进、出机场的旅客无论在免税行出境免税店或进境免税店购买免税品均需出示登机牌和护照。免税店主要针对的对象是因公出国人员、远洋海员、华侨、外籍华人、港澳台同胞、出国探亲的中国公民及在国内的外国专家等。三、每个国家的免税店购物方式都不太一样,比如在韩国免税店购物,就要提供护照和回程机票,买完东西如果是韩国品牌可以带走,如果是外国品牌则不能带走,要在回程时在机场提货,有金额限制。扩展资料免税店的多种模式一、多模式免税店引归国客随着全面深化改革的持续推进、上海自贸区的设立,一些新型的贸易模式和创新的监管模式得到试验并开始复制推广。根据笔者的观察,目前国内已有一些区域开始尝试在综合保税区等特殊监管区域内设置免税店,以最大程度地利用综保区保税、免税的优惠政策。二、横琴模式(一)珠海横琴的目标是学习海南省离岛免税政策,根据广东省公布的《珠三角旅游一体化规划》,将争取国家批准设立南沙、横琴两大免税购物中心,打造“购物天堂”,广东有意在南沙和横琴争取类似于海南岛的“离岛免税”政策,具体方案还在研究中。(二)横琴新区毗邻澳门,面积为106.46平方公里,是澳门现有面积的三倍,计划打造一个综合性的商业中心,其中包括免税购物,利用优势地理位置,使内地游客不用出关去澳门亦可享受到离境待遇,这个规划需要国家政策上的突破。(三)二千零一十四年十二月十二日,国务院总理李克强主持召开国务院常务会议,提出在广东、天津、福建特定区域再设立三个自由贸易园区,这将有利于横琴免税购物中心的建立。三、重庆模式(一)作为跨境电子商务试点城市之一的重庆,在进口商品销售方面具有政策优势。如今,重庆同时开设有传统模式免税店和保税展示销售的保税店。(二)重庆中服免税店面积二千平方米,与其他地区免税店类似主要销售奢侈品、名品、珠宝等,同样对于购买者有严格的限制。(三)而位于重庆解放碑环球金融中心的爱购保税店(IGET)是重庆保税港区的保税展示销售延展平台,采用O二O模式经营,线上提供了完善的体验环境,客户可以对商品进行全面的了解。(四)爱购保税店充分利用跨境电子商务试点的优势,实现线上展示,线下交易。保税店不同于免税店,商品需要正常征收关税,但相比商场而言,由于充分利用保税港区政策价格相对较低,且按照跨境电子商务试点规定,个人购买也可以征收行邮税。四、上海模式(一)开免税店不是上海自贸区关注的重点,亦不符合自贸区建设初衷,如今自贸区内没有考虑开设免税商店,不会复制离岛免税模式。上海浦东机场综合保税区已由日上免税行开办了免税店。(二)该免税店主要经营进口香水、化妆品,将分免税、含税两大类型销售,和航站楼内的免税店不同,游客可以凭借出境的有关证件预订商品,由店家负责送到机场相关区域,境内外游客可以在出入境时提取商品,这样游客可以有充裕的时间进行选购。该免税店目前处于试运行阶段,必须使用会员卡购买。参考资料:百度百科-免税店","三、在普通大专院校(含国家教育主管部门批准有学历教育资格的民办大学),军事院校,中、小学和中等专业学校、技工学校就读,没有工资收入的学生、研究生,家庭居住地和学校不在同一城市时,凭附有加盖院校公章的减价优待证的学生证(小学生凭书面证明),每年可购买磁浮高铁站至磁浮机场站之间四次单程的学生票。新生凭录取通知书、毕业生凭学校书面证明可购买一次学生票。学生票可享受长沙磁浮快线票价五 折优惠。","注:1.因黑屏里查询不到九C的机票价格,如果旅客乘坐九C航班,要咨询全价票及逾重行李额,请让旅客直接联系航司。2.机票价格备注为暂无的,均是没有开通航线或是没有直达的航班的。三、部分特价航空公司行李收费标准以航司规定为准:春秋、九元、西部、祥鹏等。"
"除了深圳机场,还有广州白云国际机场、揭阳潮汕机场、粤西国际机场、湛江机场、梅州机场、惠州机场。广东省共有七个机场,相对信息分别是:1.广州白云国际机场。地处广州市白云区人和镇和花都区新华街道、花东镇交界处。2.揭阳潮汕机场。机场位于揭阳市榕城区登岗镇。3.粤西国际机场。位于广东省湛江市吴川市塘缀镇合山村。4.湛江机场。位于广东省湛江市西郊,原称西厅机场,距湛江市中心五公里。5.梅州机场。位于广东省梅州市梅江区三角镇长岗岌,距市区中心四km。6.惠州机场。距惠州市中心约二十公里,占地三千六百多亩。7.深圳宝安国际机场。位于中国深圳市宝安区、珠江口东岸。所以除了深圳机场,还有广州白云国际机场、揭阳潮汕机场、粤西国际机场、湛江机场、梅州机场、惠州机场。扩展资料:广州白云国际机场(Guangzhou Baiyun International Airport,ICAO:ZGGG,IATA:CAN),是位于中国广东省广州市北部约二十八公里的民用机场,地处广州市白云区人和镇和花都区新华街道、花东镇交界处。地理位置为北纬二十三°十′35.72″,东经一百一十三°十五′17.13″,机场飞行区等级为四F级,是中国三大门户复合枢纽机场之一 ,世界前百位主要机场 。机场前身为民国二十一年(一千九百三十二年)始建的旧白云机场。一千九百六十三年,名称变为“广州白云国际机场”。 二千零四年八月五日,新广州白云国际机场正式启用。 二千零一十五年二月,广州白云国际机场第三跑道投入使用。","送机的无陪儿童家长一般要求留在机场,直到飞机起飞才可以离开。若小孩已过安检,或者已经登机,航班延误时间较长还未起飞,家长担心小孩状况的情况下,可以让家长拨打八千四百七十九万七千三百七十三咨询。如果是南航航班,可以到A岛问询柜台咨询工作人,或者咨询八千四百七十九万九千三百三十三。","OPO工作人员预计不能及时到达机场,应当主动通过航空公司客服电话向其说明情况,由航空公司启动应急预案。在飞机起飞前到达机场的,由航空公司协调开通人体捐献器官绿色通道,快速办理登机手续、优先通过安检登机。在飞机起飞后到达机场的,由航空公司负责协调安排改签临近航班。航班延误时,除天气因素等不可抗力外,由航空公司协调承运人体捐献器官的航班优先起飞,尽量缩短人体捐献器官运输时间。遇航班满员,在捐献器官保存期限内无其他适宜航班,经协调OPO人员仍无法乘机的,经航空公司同意,可委托机组人员携带转运器官,必要时可通过航空货运运输,航空公司不承担人体捐献器官保管责任。"
无成人陪伴儿童:是指年龄五周岁(含)至十二周岁(不含)的无成人陪伴的、单独乘机的儿童。五周岁以下的无成人陪伴儿童原则上不予接受;,"无成人陪伴儿童:是指年龄五周岁(含)至十二周岁(不含)的无成人陪伴的、单独乘机的儿童。五周岁以下的无成人陪伴儿童原则上不予接受;无陪儿童服务一般需要旅客购买无陪儿童机票且向相应航司申请无陪儿童服务。没有任何证件的无陪儿童买机票与航空公司营业部联系,如果买到UM票。可以办理无陪。旅客可凭无陪申请单到机场联系八千四百七十九万七千三百七十三办理相关手续;如果是南航航班,可以到A岛问询柜台咨询工作人,或者咨询八千四百七十九万九千三百三十三。送机的无陪儿童家长一般要求留在机场,直到飞机起飞才可以离开。若小孩已过安检,或者已经登机,航班延误时间较长还未起飞,家长担心小孩状况的情况下,可以让家长拨打八千四百七十九万七千三百七十三咨询。如果是南航航班,可以到A岛问询柜台咨询工作人,或者咨询八千四百七十九万九千三百三十三。为无成人陪伴儿童办理乘机手续,座位安排应根据以下原则:安排在便于指定的随机服务员或乘务员照料的适当位置;靠近机上厨房,最好是过道座位;若有可能,与其他旅客分开座位;若座位满座,应安排与女乘客一起的座位;不得安排在紧急出口的座位。国航五-十八岁的未成年人都可以申请无陪服务,五-十二岁免费,十二-十八岁的如果需要无陪服务,需收取二百元每人每次的服务费。厦航无陪服务长沙受理点:1.市内售票处(长沙市芙蓉中路二段一百三十六号)TEL:八千五百一十六万八千二百六十八/八千五百五十六万五千七百七十七2.厦航机场售票柜台(长沙黄花国际机场T二航站楼国内出发厅一号和二号门之间)","无成人陪伴儿童:是指年龄五周岁(含)至十二周岁(不含)的无成人陪伴的、单独乘机的儿童。五周岁以下的无成人陪伴儿童原则上不予接受;无陪儿童服务一般需要旅客购买无陪儿童机票且向相应航司申请无陪儿童服务。没有任何证件的无陪儿童买机票与航空公司营业部联系,如果买到UM票。可以办理无陪。旅客可凭无陪申请单到机场联系八千四百七十九万七千三百七十三办理相关手续;如果是南航航班,可以到A岛问询柜台咨询工作人,或者咨询八千四百七十九万九千三百三十三。送机的无陪儿童家长一般要求留在机场,直到飞机起飞才可以离开。若小孩已过安检,或者已经登机,航班延误时间较长还未起飞,家长担心小孩状况的情况下,可以让家长拨打八千四百七十九万七千三百七十三咨询。如果是南航航班,可以到A岛问询柜台咨询工作人,或者咨询八千四百七十九万九千三百三十三。为无成人陪伴儿童办理乘机手续,座位安排应根据以下原则:安排在便于指定的随机服务员或乘务员照料的适当位置;靠近机上厨房,最好是过道座位;若有可能,与其他旅客分开座位;若座位满座,应安排与女乘客一起的座位;不得安排在紧急出口的座位。国航五-十八岁的未成年人都可以申请无陪服务,五-十二岁免费,十二-十八岁的如果需要无陪服务,需收取二百元每人每次的服务费。厦航无陪服务长沙受理点:1.市内售票处(长沙市芙蓉中路二段一百三十六号)TEL:八千五百一十六万八千二百六十八/八千五百五十六万五千七百七十七2.厦航机场售票柜台(长沙黄花国际机场T二航站楼国内出发厅一号和二号门之间)"
"可以北京首都国际机场,下飞机后是可以去免税店的,但是只能在下飞机的航站楼购物。免税店一般不在外面,都是在里面候机大厅或者刚到达的那个区域,没有办理机票值机的话,无法进入那个区域的。假如你在T二下飞机,就只能在T二的免税店买东西了。记得,下了飞机一定要找到免税店,不要先出关,如果出来了,就无法再进去了,也就买不了东西了。","可以北京首都国际机场,下飞机后是可以去免税店的,但是只能在下飞机的航站楼购物。免税店一般不在外面,都是在里面候机大厅或者刚到达的那个区域,没有办理机票值机的话,无法进入那个区域的。假如你在T二下飞机,就只能在T二的免税店买东西了。记得,下了飞机一定要找到免税店,不要先出关,如果出来了,就无法再进去了,也就买不了东西了。","在国内机场免税店只有乘坐国际航班的乘客才可以买东西,购买的时候需要出示当天国际航班的登机牌,乘坐国内航班是不可以的。如果没有出国打算,但又希望在机场免税店购买物品的话,可以根据需要找有出国行程的朋友帮忙,浦东机场的免税店不但在国际航班候机区有,在下机后的取行李区也有但东西没有那么齐全。而北京首都机场的免税店提供免费寄存服务,可以在出发时先购物,回程时提货。需要列好购物清单,咨询清楚情况,然后找合适的朋友帮忙购买。拓展资料:上海浦东国际机场免税店和首都机场免税店是同一个集团日上在经营,所以购物优势相近,但规模不是很大,产品相对单调一些。国内机场免税店所有商品均以人民币标价,可用人民币、美元、港币、欧元和日元现金付,也可用各种信用卡支付。国内的卡是走银联的,而且没有手续费。首都国际机场有很多品牌专卖店,比如上海滩、菲拉格慕、施华洛世奇等。如果发现机场店价格比市区专卖店贵,可以在购物起十五天内,对差价部分要求机场双倍返还。"
"机场有A B C三个候机楼,国内航班到达只可能是A楼和C楼,A楼的话出行李有两个出口,从东边出口出来的话左手边就是大巴车票销售点,前方五米就是大巴站。如果C楼到达的话,走出C候机楼从外面便道步行到A楼这边来买票上车,朝东边走就行了。乘大巴的地方也有正规的士,还有拉客的黑的士,最好别搭理。","机场始发的机场大巴从T二始发,经停T一,行驶时间约五分钟;市内大巴到达机场后皆先停靠T二,最后开至T一。","二、长沙火车站(民航大酒店):位于长沙市芙蓉区五一东路,紧邻长沙火车站、长株潭汽车站。机场巴士停靠民航大酒店院内。"
2.厦航机场售票柜台(长沙黄花国际机场T二航站楼国内出发厅一号和二号门之间),"长沙黄花机场T一航站楼,二千零一十八年五月十六日刚恢复启用;T一和T二 分别位于磁浮机场站的两边,T一 在北,T二 在南。T一、T二航站楼安检区外通过磁浮连廊实现互相连通 (步行八分钟)。您也可以乘坐电瓶车往返T一与T二航站楼之间(四分钟)。","一、机场巴士站:位于长沙黄花国际机场T二航站楼到达层,在到达厅大内设有售票、咨询柜台和专用候车室,在到达大厅外设有十五个班线发车站台。"
"无陪儿童服务一般需要旅客购买无陪儿童机票且向相应航司申请无陪儿童服务。没有任何证件的无陪儿童买机票与航空公司营业部联系,如果买到UM票。可以办理无陪。旅客可凭无陪申请单到机场联系八千四百七十九万七千三百七十三办理相关手续;如果是南航航班,可以到A岛问询柜台咨询工作人,或者咨询八千四百七十九万九千三百三十三。","如果旅客使用护照购买了国内转国际的联程机票,可以建议旅客请原售票点在国内段备注身份证号码;如无法备注可以使用护照复印件和身份证从长沙机场乘机前往转机地。","外国人用护照购买国内航段的机票,护照名字按中国人的习惯姓在前名在后,买票时名在前姓在后,例如:护照是ZHOU MARK,订票时用的MARK  ZHOU,安检值机都没影响,不会影响乘机。"
黄花机场机公安办理临时乘机证明的位置:T二航站楼安检十六号通道边设有办理柜台,2.厦航机场售票柜台(长沙黄花国际机场T二航站楼国内出发厅一号和二号门之间),"一、机场巴士站:位于长沙黄花国际机场T二航站楼到达层,在到达厅大内设有售票、咨询柜台和专用候车室,在到达大厅外设有十五个班线发车站台。"
长沙黄花国际机场巴士时刻表,"长沙航空口岸正式开办签证业务,这意味着今后外国人来湖南可以直接在长沙黄花国际机场办理落地签证。",2.厦航机场售票柜台(长沙黄花国际机场T二航站楼国内出发厅一号和二号门之间)
无成人陪伴儿童:是指年龄五周岁(含)至十二周岁(不含)的无成人陪伴的、单独乘机的儿童。五周岁以下的无成人陪伴儿童原则上不予接受;,"无成人陪伴儿童:是指年龄五周岁(含)至十二周岁(不含)的无成人陪伴的、单独乘机的儿童。五周岁以下的无成人陪伴儿童原则上不予接受;无陪儿童服务一般需要旅客购买无陪儿童机票且向相应航司申请无陪儿童服务。没有任何证件的无陪儿童买机票与航空公司营业部联系,如果买到UM票。可以办理无陪。旅客可凭无陪申请单到机场联系八千四百七十九万七千三百七十三办理相关手续;如果是南航航班,可以到A岛问询柜台咨询工作人,或者咨询八千四百七十九万九千三百三十三。送机的无陪儿童家长一般要求留在机场,直到飞机起飞才可以离开。若小孩已过安检,或者已经登机,航班延误时间较长还未起飞,家长担心小孩状况的情况下,可以让家长拨打八千四百七十九万七千三百七十三咨询。如果是南航航班,可以到A岛问询柜台咨询工作人,或者咨询八千四百七十九万九千三百三十三。为无成人陪伴儿童办理乘机手续,座位安排应根据以下原则:安排在便于指定的随机服务员或乘务员照料的适当位置;靠近机上厨房,最好是过道座位;若有可能,与其他旅客分开座位;若座位满座,应安排与女乘客一起的座位;不得安排在紧急出口的座位。国航五-十八岁的未成年人都可以申请无陪服务,五-十二岁免费,十二-十八岁的如果需要无陪服务,需收取二百元每人每次的服务费。厦航无陪服务长沙受理点:1.市内售票处(长沙市芙蓉中路二段一百三十六号)TEL:八千五百一十六万八千二百六十八/八千五百五十六万五千七百七十七2.厦航机场售票柜台(长沙黄花国际机场T二航站楼国内出发厅一号和二号门之间)","(一)因航班机型和航班的限制,无成人陪伴儿童旅客预订数量有限,为了避免这种情况的出现,在起飞前至少四十八小时并在订票时申请“无成人陪伴儿童旅客”服务。(二)为了儿童安全,不能接受儿童的行程中涉及夜间停站或中转/中途停留,除非已安排人员在中转站接机并照看的孩子。必须先提供完备的联系人详细信息,才能接的孩子登上首航班。(三)提供申请人的有效证件及无成人陪伴儿童的旅行证件,并填写无人陪伴儿童服务申请表。(四)请注意,如果在订票时未申请此项服务,则可能会导致出现取消订票或重新出票的费用。(五)在地区和国际航线上,无人陪伴儿童购票并无儿童折扣,需按成人销售价格收取费用。(六)如果是通过旅行代理机构订票,请记得携带孩子的护照。此外,请检查是否已完成所有业务和其他手续,这一点十分重要。儿童出行时的注意事项:(一)请于航班起飞前至少六十分钟带着小孩到机场办理登机手续,并在航班起飞后再离开机场。(二)您子需持有有效证件、无成人陪伴儿童的旅行证件和其他手续,包括机票,无人陪伴儿童服务申请表。协助办理无人陪伴儿童的值机和安检手续:(一)在起飞和到达期间,请询问机场工作人员,会有指定的地面服务人员协助办理值机、海关、安检以及行李托运等手续,地面人员会负责陪伴儿童候机并保管相关文件凭证。(二)登机之后,地面人员会将相关资料及“无人陪伴儿童”亲自交给机上指定的空中乘务员,空乘人员会陪伴孩子度过空中旅程。请注意:为保证孩子顺利乘机,建议家长等飞机起飞后再离开机场。"
"在国内机场免税店只有乘坐国际航班的乘客才可以买东西,购买的时候需要出示当天国际航班的登机牌,乘坐国内航班是不可以的。如果没有出国打算,但又希望在机场免税店购买物品的话,可以根据需要找有出国行程的朋友帮忙,浦东机场的免税店不但在国际航班候机区有,在下机后的取行李区也有但东西没有那么齐全。而北京首都机场的免税店提供免费寄存服务,可以在出发时先购物,回程时提货。需要列好购物清单,咨询清楚情况,然后找合适的朋友帮忙购买。拓展资料:上海浦东国际机场免税店和首都机场免税店是同一个集团日上在经营,所以购物优势相近,但规模不是很大,产品相对单调一些。国内机场免税店所有商品均以人民币标价,可用人民币、美元、港币、欧元和日元现金付,也可用各种信用卡支付。国内的卡是走银联的,而且没有手续费。首都国际机场有很多品牌专卖店,比如上海滩、菲拉格慕、施华洛世奇等。如果发现机场店价格比市区专卖店贵,可以在购物起十五天内,对差价部分要求机场双倍返还。","旅客托运行李内部分物品丢失:目的地为长沙的航班,旅客未出机场隔离区可以建议旅客跟行李查询室联系,离开机场建议旅客联系公安机关报案处理;长沙始发的航班建议旅客联系到达机场。","b.异地机场开具的,有标注有效期的临时乘机证明,在有效期内可以在长沙机场直接使用。"
"如果时间紧并且在泰国居留十五天以内,你可以选择落地签,就是到泰国后在机场办理落地签,但中国公民的落地签只有十五天的居留期。希望对你有帮助。","长沙航空口岸正式开办签证业务,这意味着今后外国人来湖南可以直接在长沙黄花国际机场办理落地签证。","旅游团持大陆居民出国旅游团团表,可以仅持中国普通护照在泰国办理落地签证。"
"首都机场在六环内,外地车去首都机场要办进京证","有效乘机身份证件的种类包括:中国大陆地区居民的居民身份证、临时居民身份证、护照、军官证、文职干部证、义务兵证、士官证、文职人员证、职工证、武警警官证、武警士兵证、海员证,香港、澳门地区居民的港澳居民来往内地通行证,台湾地区居民的台湾居民来往大陆通行证;外籍旅客的护照、外交部签发的驻华外交人员证、外国人永久居留证;民航局规定的其他有效乘机身份证件。十六周岁以下的中国大陆地区居民的有效乘机身份证件,还包括出生医学证明、户口簿、学生证或户口所在地公安机关出具的身份证明。","有效乘机身份证件的种类包括:中国大陆地区居民的居民身份证、临时居民身份证、护照、军官证、文职干部证、义务兵证、士官证、文职人员证、职工证、武警警官证、武警士兵证、海员证,香港、澳门地区居民的港澳居民来往内地通行证,台湾地区居民的台湾居民来往大陆通行证;外籍旅客的护照、外交部签发的驻华外交人员证、外国人永久居留证;民航局规定的其他有效乘机身份证件。十六周岁以下的中国大陆地区居民的有效乘机身份证件,还包括出生医学证明、户口簿、学生证或户口所在地公安机关出具的身份证明。"
"联程航班不需要重新安检,同个航司且已办妥两段登机牌的,行李在第一站直挂的,就不需要。如果没有联程,是中转航班,有些就需要。这个要看你具体行程和机场。","确保酒已经装进免税店封口的袋子内。直接拎着上飞机。到国内转机,也是直接拎着过安检,向安检小哥展示一下,免税店封好的袋子。再次直接拎上飞机。","从香港转机第三国的旅客,需要有有效护照和第三国有效签证可以在香港停留七天;如第三国为落地签,旅客凭有效护照和来回程的行程单也可乘机。"
"长沙黄花机场T一航站楼,二千零一十八年五月十六日刚恢复启用;T一和T二 分别位于磁浮机场站的两边,T一 在北,T二 在南。T一、T二航站楼安检区外通过磁浮连廊实现互相连通 (步行八分钟)。您也可以乘坐电瓶车往返T一与T二航站楼之间(四分钟)。",一、T二航站楼位于T二航站楼到达层共设立十二个站牌现已启用九个站牌二、T一航站楼位于T一航站楼到达层共设立五个站牌,"机场始发的机场大巴从T二始发,经停T一,行驶时间约五分钟;市内大巴到达机场后皆先停靠T二,最后开至T一。"
"二、承运人一般不接受儿童单独乘车(乘车通学的学生和承运人同意在旅途中监护的除外)。随同成人乘车身高1.2—1.5米的儿童,应当购买儿童票;超过1.5米时应购买全价票。每一名成人可免费携带一名身高不足1.2米的儿童,超过一名时,超过的人数应购买儿童票。儿童票可享受长沙磁浮快线票价五折优惠。","零-二周岁香港或台湾婴儿,可凭任何证明其身份的证明(例如:出生证明、疫苗证明等)乘坐国内航班。",2.厦航机场售票柜台(长沙黄花国际机场T二航站楼国内出发厅一号和二号门之间)
"深圳机场二十四小时开放,但不允许在候机室或者过道中睡觉,而且机场二十四小时空调开放,容易着凉,建议在就近找个宾馆或酒店过夜。从深圳机场,步行八百米穿过宝安大道,马路对面有很多宾馆:A处:机场大酒店(二百零八元起)。B处:锦江之星酒店(宝安机场店),一百六十九元起。C处:深圳双溪威机场大酒店(二百一十八元起)。D处:深圳鑫瀛宾馆(一百三十八元起)。E处:维也纳酒店(深圳机场店),二百一十九元起。F处:佳园宾馆(九十元起)。I处:深圳翔安酒店(二百三十八元起)。H处:荣霖旅馆(八十八元起)。J处:新大地旅馆(五十八元起)。","贵宾休息室不可以直达飞机,只是登机时有专门车辆送到登机口,享受优先登机。各个机场都会有贵宾休息室,会额外提供比候机大厅更好一点服务(如提供沙发、免费饮料水果、免费上网、免费报刊、专人提醒登机等),还有优先登机,即享受如头等舱旅客同等的服务。","一、航班起飞前四十分钟开始登机,航班起飞前十五分钟停止登机,开始登机时机场中央大广播会自动播放登机广播,主要是催促已经办理值机手续但还未过安检的旅客尽快过安检,开始登机后登机口也会有相应区域广播,主要是航班动态、登机口变更以及催促旅客登机广播,该广播覆盖范围有限,若旅客离开登机口则有可能听不到。若旅客来电质疑没有听到广播通知,中央大广播记录可联系广播室查询,登机口区域广播可联系候机查询,但广播录音均不可对外。"
ー、禁止随身携带但可以作为行李托运的物品,"一、人民币:旅客携带人民币出入境,限额为二万元,超出限额的禁止进出境。",(一)随身携带有限定条件但可以作为行李托运的物品
"一、目前,只实现了湖南省内公民的电子身份证在长沙黄花国际机场过安检,其他省份的会陆续开放。","如果旅客使用护照购买了国内转国际的联程机票,可以建议旅客请原售票点在国内段备注身份证号码;如无法备注可以使用护照复印件和身份证从长沙机场乘机前往转机地。","从长沙机场出发的国际航班,只要旅客已经向航司成功申请了行李加重,在办理值机的时候就可以享受已经加重后的托运行李额。"
"需要轮椅服务的旅客建议提前向航空公司申请。在办理手续时需要出具医疗部门出具的适宜乘机“诊断证明书”和“特殊旅客乘机申请书”;旅客自带轮椅需要办理行李托运手续,轮椅的重量一般不计入旅客的免费行李额内;旅客在隔离区内必须使用机场提供的轮椅。","轮椅旅客:是指身体适宜乘机,行动不便,需要轮椅代步的旅客。需要轮椅服务的旅客建议提前向航空公司申请。在办理手续时需要出具医疗部门出具的适宜乘机“诊断证明书”和“特殊旅客乘机申请书”;旅客自带轮椅需要办理行李托运手续,轮椅的重量一般不计入旅客的免费行李额内;旅客在隔离区内必须使用机场提供的轮椅。将轮椅旅客安排在靠近客舱服务员的座位附近或靠近舱门口的座位,但不能将其安排在紧急出口处旁的座位。 安排轮椅旅客提前上机,与客舱服务员交接有关事项;在飞行过程中如果旅客临时因病需要多占座位时,如当时有空余座位,应予照顾,不另补票;轮椅旅客一般提前上机,安排在靠近客舱服务员的座位附近或靠近舱门口的座位,但不能将其安排在紧急出口处旁的座位。","轮椅旅客:是指身体适宜乘机,行动不便,需要轮椅代步的旅客。"
"宠物托运流程,小宠物狗托运时,旅客在航空公司办好相关申请手续后,可以提前到机场值机柜台办理托运手续,大型狗需要走货物托运,如无法判断宠物的大小,建议旅客提前与航空公司联系,或提前到机场咨询现场工作人员;","OPO工作人员预计不能及时到达机场,应当主动通过航空公司客服电话向其说明情况,由航空公司启动应急预案。在飞机起飞前到达机场的,由航空公司协调开通人体捐献器官绿色通道,快速办理登机手续、优先通过安检登机。在飞机起飞后到达机场的,由航空公司负责协调安排改签临近航班。航班延误时,除天气因素等不可抗力外,由航空公司协调承运人体捐献器官的航班优先起飞,尽量缩短人体捐献器官运输时间。遇航班满员,在捐献器官保存期限内无其他适宜航班,经协调OPO人员仍无法乘机的,经航空公司同意,可委托机组人员携带转运器官,必要时可通过航空货运运输,航空公司不承担人体捐献器官保管责任。","四、航班延误时,应首先安排好重要旅客的休息和食宿。"
"下列紧急情况下,各局根据总局发布的公告,实行检疫健康书面申报制度,要求出入境人员填报《出/入境人员检疫健康申明卡》:","国内和国际航班托运动物的尿液和粪便规定:国内段不可以携带,托运需要有相关证明,必须经航司同意,尿液按液体的规定,包装完好,无污染客舱方可托运。国际段如果有相关证明长沙机场可以托运出境,入境建议咨询入境国相关规定。","旅客如需携带导盲犬上飞机,首先应向航司申请,经航司同意,证件齐全,在有效期内可以从长沙通过。在外地正规防疫部门开立的动物检验检疫证明,如在有效期内也可以在长沙使用。"
"护照丢失乘机要求:一、中国人丢失护照到当地公安局补办护照。二、外国人或者港澳同胞乘坐国内航班:丢失护照,到出入境管理局办理遗失证明。三、外国人乘坐国际航班:方式一:去大使馆补办护照;方式二:去当地出入境管理局咨询是否可以办理外国人出入境通行证。四、港澳台同胞乘坐地区航班:到当地出入境管理局办理证件。","一、登录国家质检总局网站(http://www.aqsiq.gov.cn/)“卫生检疫”专栏,或者登录湖南出入境检验检疫局网站(http://www.hnciq.gov.cn/)“保健中心”专栏进行查询;二、到湖南国际卫生旅行保健中心进行咨询。地址:长沙市雨花区砂子塘路一百六十一号,联系电话:七百三十一-八千四百七十一万八千七百一十一、八千四百七十二万一千九百二十四;三、通过长沙机场办事处布置在口岸现场的LED屏、电子触摸屏了解相关政策和疫情信息;四、现场咨询长沙机场办事处健康咨询岗位工作人员。","一、去降落机场的“失物招领”柜台。 (失物招领一般和机场的行礼寄存在一起,因为两者都需要储物空间)。 这里要说明,招领台的服务人员会让你提供你丢失物品的时间、航班号、以及你回忆的可能丢失物品的位置,方便工作人员查找。 二、如果你觉得丢失在始发站,你需要拨打电话。 如果降落机场未找到,而且你觉得可能是在始发机场丢失的,就需要打电话到始发机场的失物招领处的电话。 这里推荐在网站上搜索“**机场 失物招领”,方便你找到对应电话号。 三、如果东西丢了好长时间,你不确定是否丢失在机场怎么办。 这里提供一个小建议——寻找对方机场的微博,扫一扫最近丢失物品的信息,说不定有意外收获。 四、其他建议 丢东西这件事很麻烦,对一些丢失物品的补充措施我这里写一下: 储蓄卡——必须到柜台挂失 信用卡——可以电话联系客服直接挂失 身份证——1.立即到派出所挂失;2.在网上发表一份证明(表明自己身份证丢失的时间证据);3.联系报社,登报声明(这是相对来说最有法律效益的行为了)"
"老年旅客:是指年迈体弱,虽然身体并未患病但在航空旅行中需要他人帮助的老年人。老年旅客乘机首先要确认老人身体健康状况是否适应乘机,身体健康的老人有人陪同即可,建议带上医生诊断证明。如果老人身体健康状况欠佳或者无人陪同,建议旅客提前向航司申请,经航司同意后机场才能提供相应的服务。目前各个航空公司(除国航、深航、厦航、河北航、山东航、西藏航外)针对七十岁以上的老人乘机可以申请办理无陪老人服务(长沙始发海航航班不可办理无陪老人服务。但是如果旅客在现场柜台申请,年龄在七十岁以上,工作人员确实觉得老人身体没有问题,情况比较特殊,柜台会酌情考虑。不建议告知旅客。)但根据各航空公司规定,部分航空公司会要求老年旅客签署“航空运输免责单”;如有其他特殊情况或要求,旅客可以直接与航空公司联系。","老年旅客乘机首先要确认老人身体健康状况是否适应乘机,身体健康的老人有人陪同即可,建议带上医生诊断证明。如果老人身体健康状况欠佳或者无人陪同,建议旅客提前向航司申请,经航司同意后机场才能提供相应的服务。","目前各个航空公司(除国航、深航、厦航、河北航、山东航、西藏航外)针对七十岁以上的老人乘机可以申请办理无陪老人服务(长沙始发海航航班不可办理无陪老人服务。但是如果旅客在现场柜台申请,年龄在七十岁以上,工作人员确实觉得老人身体没有问题,情况比较特殊,柜台会酌情考虑。不建议告知旅客。)但根据各航空公司规定,部分航空公司会要求老年旅客签署“航空运输免责单”;如有其他特殊情况或要求,旅客可以直接与航空公司联系。"
"首都机场在六环内,外地车去首都机场要办进京证","出国旅游在机场租的wi-fi叫做随身WiFi,使用方法为:告知密码用手机搜到这个机器的信号之后,输入密码,就可以使用了。旅行时,随身携带它,您随时可以访问Internet,并且几个人可以共享一台随身WiFi。可以在上海浦东机场和北京机场租用随身WiFi,并且国内网上有很多办理境外wifi租赁业务的, 您可以选择在线租借,然后在离开时直接在机场柜台领取设备。","MF 白鹭黑钻卡:可携带二人 白金卡:可携带一人 金卡:限本人使用 老版白鹭银卡见卡接待:限本人使用(使用截止日期2018.12.31),免费行李四十KG;"
"在国内机场免税店只有乘坐国际航班的乘客才可以买东西,购买的时候需要出示当天国际航班的登机牌,乘坐国内航班是不可以的。如果没有出国打算,但又希望在机场免税店购买物品的话,可以根据需要找有出国行程的朋友帮忙,浦东机场的免税店不但在国际航班候机区有,在下机后的取行李区也有但东西没有那么齐全。而北京首都机场的免税店提供免费寄存服务,可以在出发时先购物,回程时提货。需要列好购物清单,咨询清楚情况,然后找合适的朋友帮忙购买。拓展资料:上海浦东国际机场免税店和首都机场免税店是同一个集团日上在经营,所以购物优势相近,但规模不是很大,产品相对单调一些。国内机场免税店所有商品均以人民币标价,可用人民币、美元、港币、欧元和日元现金付,也可用各种信用卡支付。国内的卡是走银联的,而且没有手续费。首都国际机场有很多品牌专卖店,比如上海滩、菲拉格慕、施华洛世奇等。如果发现机场店价格比市区专卖店贵,可以在购物起十五天内,对差价部分要求机场双倍返还。","旅客托运行李内部分物品丢失:目的地为长沙的航班,旅客未出机场隔离区可以建议旅客跟行李查询室联系,离开机场建议旅客联系公安机关报案处理;长沙始发的航班建议旅客联系到达机场。","b.异地机场开具的,有标注有效期的临时乘机证明,在有效期内可以在长沙机场直接使用。"
"轮椅旅客:是指身体适宜乘机,行动不便,需要轮椅代步的旅客。","只能去民航投诉航空公司。之前有个航空公司,就是拒绝身体有残疾的乘客乘机,理由是公司规定不能与乘客有肢体接触。乘坐轮椅的残疾人想坐飞机,却被航空公司以“不能行走”为由拒绝。对此,律师表示,航空公司这一行为涉嫌违反我国《残疾人保障法》、《合同法》及《残疾人航空运输办法(试行)》等法律法规,应承担相应的责任。","需要轮椅服务的旅客建议提前向航空公司申请。在办理手续时需要出具医疗部门出具的适宜乘机“诊断证明书”和“特殊旅客乘机申请书”;旅客自带轮椅需要办理行李托运手续,轮椅的重量一般不计入旅客的免费行李额内;旅客在隔离区内必须使用机场提供的轮椅。"
